A,B,C,y,y_pred
-0.1891203907770335,-1.3303136257389898,0.9216501119244593,0.11944506400807176,0.11120135434784456
-0.6533292325737119,-0.4749453111609562,1.7654542402810969,0.23579274853761598,0.2407136434143148
-0.22485598180807856,0.07685188295876821,-0.6500025808234597,0.3522958388778207,0.3419603755146301
0.5705986685931593,-0.6626237589458467,-0.7632591565425169,0.4239784531306786,0.41054090609113314
0.3278795241593574,-0.12545426000290022,0.08589300629333041,0.5888522087001153,0.6187565820721916
-0.033126972873797095,-0.7309300399419191,1.7945578635177877,0.3801428320715971,0.4175642727760386
-0.5767713305683327,-0.9075636620415979,0.755391225825756,0.08989599520509285,0.09674530411231205
-0.46440426230938764,-0.9811655311396816,0.4620608932518965,0.08780328064039496,0.09228244905561706
1.0035328978920242,-0.07201012158033385,0.36163602504763415,0.8972802017877526,0.885545819252607
0.06447441481012024,0.4865016438262019,-1.9754665663538713,0.4797160512945491,0.47474846114847224
-0.7449026448064491,-0.16306696394376388,-0.6751782749743815,0.10949783753904896,0.110472884627629
0.8128621188389601,0.30729952087660933,0.6296288419236122,0.9137244878758574,0.9193096107142635
1.0470983026121545,0.22445181855997204,1.6839276914578687,0.9568642988681698,0.9646488669113408
0.2801611588196068,-0.02640575695892703,-0.8096035199216461,0.5350734411364355,0.5218230152041229
-0.6568942789713957,1.2004139079444254,-1.0469109826819396,0.47305293128112863,0.5334333222425183
0.024510174258942714,-0.7730097838554665,0.49799829124544975,0.26704453878584555,0.2763537278865109
2.1451491277733883,-0.8353470532597573,-1.1875984190295128,0.9133633321455481,0.9033185675361138
-0.8463159774657358,1.2637066776546686,0.543479378670093,0.6179680525504213,0.6663873172569135
2.98525900260341,0.17521141890851205,0.3674816654743044,0.9979947288947952,0.9982698709453263
-0.18289644110484016,-0.7280029412291344,1.3748764191481848,0.27793739602305884,0.3012921790606998
0.1848361236948739,0.4933179008808892,-0.8583577801812136,0.6781418130090291,0.6743749217110916
-0.32138584165299344,-0.8254971967925115,0.41293145427562433,0.11980200528481287,0.14501375136974679
2.0740826697499735,0.23924686411114954,-0.9193845915864234,0.982046660095509,0.9820040786568611
-0.8571575564162826,0.6256673477650062,-1.0708924980611123,0.24935588096125327,0.22845143648876787
1.5327389130025777,0.5193465142411723,-0.1087601484568576,0.9757732454675083,0.9784382308134811
0.822544912103189,-1.0577109289559004,-1.2208436499710222,0.3440959147633257,0.32026800531224653
0.21329370737293857,-1.8936146669537857,0.0012054753622242368,0.0717409729736197,0.063563496900192
-0.23052462518025083,-0.7179188907476018,1.1797252083607102,0.28906852796178284,0.2650543720091442
-0.2646568332379561,1.4535340771573169,2.720169166589619,0.9566246889063176,0.963774354404521
0.975816719344709,-0.2950899142379063,0.9184544439424138,0.8840676230709295,0.871527876257733
-1.4153707420504142,-0.23458713337514692,-0.42064532276535904,0.03950211615274276,0.032564971368625587
1.5774532797634744,0.24938368371075526,-0.0952955323869521,0.9729469077550946,0.9697228246666756
0.742095372009307,-0.6057149230033384,0.2992925804064919,0.6384339454961305,0.6506782015771024
1.2179591523055584,0.22054142701386686,-0.513196364513396,0.9334573325606418,0.923717881214652
1.9870611116994412,-0.8798143535020543,-0.5309708978119645,0.9050409418228496,0.8995045909771942
-0.30372602877666466,-0.6581164890752567,-1.345870923473215,0.0752606438658029,0.08477987244744364
1.4033699701251907,-0.8610879101735704,0.6979032725390276,0.8488018403241041,0.8471017022932447
-1.5255251709247388,-1.0700847663261526,-0.6919080698812444,0.00666526088836629,0.0059293059667505504
-1.2257656630023412,1.5739867632900328,-1.4643748802098202,0.3348326049180103,0.3566911484605222
1.8820244964750337,0.4714683571359957,1.3454200461549777,0.9946602952952149,0.9944058346918374
-1.879924385139045,-1.5859833122379583,1.8709651753717822,0.005458661456278343,0.004798712980135751
0.21539650545628794,0.7682072166317373,0.5082686396745896,0.8616246542935095,0.8754955864459688
-0.8848027140269009,-0.4432822511915103,-0.172946059923423,0.06814998439541696,0.07171874743534698
0.6453759495851475,0.9715709509543554,1.3686315575323487,0.9750277293165212,0.9728454587615147
0.24333944932269183,-0.045586016355497805,-0.24123605785632987,0.5874065177890466,0.5692718957938716
0.6969544045107356,-0.29548031802916036,-0.33381948975600995,0.6308465946055788,0.6711820320653393
-0.78489831308224,0.014688194729197093,0.648280433843859,0.2677137766701104,0.23424927984037822
-0.7188323876087304,1.2958717818630143,0.7450053128772811,0.7524685528196104,0.7503686064178599
0.8141517621182666,1.8325570434792018,0.48206672733538614,0.9923913439288606,0.9923426848321701
0.42719436187168486,0.9694572005267368,-0.646227309843803,0.8820021967139827,0.8906891467515214
1.2361307218062179,0.9653974845911707,0.08865759096143744,0.9836393367846554,0.9831485703912247
0.28872366282502326,0.7324921027798023,-1.6548874362282961,0.6828105706483029,0.7132713920642656
-1.1958830620351844,0.3946715298229811,0.4446026682201407,0.18769042001665073,0.1861036205574767
-2.0417348684242906,0.20838280794755248,-0.24717738252059693,0.023253371129972337,0.021731314548166212
-0.7128457826771644,-0.543424771133765,0.10643022769189683,0.11364186032311507,0.09611334582929301
0.6337768809320985,0.3098207102270275,0.41379909745149823,0.8808671420722471,0.8778512189768095
-0.39210815313215763,-0.3276621465977682,-1.4635149481321186,0.11040464922595239,0.11189941821584597
-0.8323555731042287,-0.5707462937494763,0.4714155563864041,0.08649826370099947,0.0885382456231971
-1.5558956462036273,0.2337859117907477,0.33088023221445706,0.07473484251179924,0.07530370373046741
3.0788808084552377,0.3112501545435361,1.1195749114345768,0.9991590459535319,0.9992210372145041
0.8968393158655319,1.6122206282554243,-0.2685306479058323,0.9869993988894943,0.986278487256487
1.5795721457307124,1.453384477117701,-0.5228600271532683,0.9949657726063341,0.9946553971883249
-0.6095122021592831,-0.30522470435466764,-0.186971302985446,0.13565854055984397,0.14197887280491242
0.26105527217988933,0.29612027706457605,0.00511345664246089,0.7378231188684481,0.7316885011603091
1.5337277099164992,-0.6292633936927887,-0.5358014630522978,0.832401717423887,0.8465837565943132
0.49097495163825133,1.6073455760199926,0.7348777860498175,0.9826915942094624,0.9818268763375345
1.1873860515647512,0.985729995679863,2.589563642018614,0.9958172524033467,0.9950540170558418
-0.2176812032272203,-0.20219265243389406,1.09877685198719,0.4412504694762684,0.4527762019073527
-1.3353443587101013,0.17770100093325383,0.3801978510059632,0.12474851679415988,0.1052610209038138
0.29219272832637316,-0.6677795564688862,-0.1873290184063747,0.35892083282903114,0.3500134915510895
-0.57581824064468,-0.5305011476105275,-0.275051697151644,0.10476779250571457,0.10447438160204707
0.5219415656168976,-1.3204566130842763,0.29698467323318606,0.26032408318392286,0.2715321603664462
-0.9093874547947389,0.7910319470430469,1.4027943109360992,0.6004374343013091,0.5592336600332402
-0.03703679704841202,-0.6117690909052854,-0.42930222451725997,0.19054304510483014,0.21397101718942807
-0.06418817710849775,-0.19469729611668168,0.09175248444837286,0.3620737791453186,0.40166530430047387
-0.36361221221385587,0.1503017614618776,-0.056945623721067457,0.3703063591851686,0.37782930587580066
1.3175975356079597,0.1684609762696143,-1.0065425652796411,0.9104212267262495,0.9127822285082807
1.173473857485325,0.6628812686674127,0.18102155870370695,0.96890286405771,0.9705168282279756
-0.01926037973439464,0.7846042878980238,-0.2628908292082677,0.7383460536730172,0.752923161786741
0.12267031599479553,-0.9533286082587124,1.6246784584695606,0.37095434554528994,0.38233531991433767
-0.6004235657387051,1.4196030045136372,-1.8665399513606162,0.5082931488386655,0.544630589186624
-0.6176518954343502,0.1973157074055956,-0.31607285602704976,0.2653644096084398,0.2579650990536091
0.8108082731597821,-0.1343087414705478,0.793488720552213,0.8684782544395656,0.8567703746136592
-0.9746816702273214,0.6565536086338297,0.787084603742452,0.40354673519086987,0.3937399720670113
-0.17018462252492844,-0.0033744574109520514,-0.4532280493272752,0.3842227106602071,0.35976784448846644
-2.7475048427252347,0.45768658605355206,-0.4997301761516306,0.007104145610333042,0.007255594031318725
-0.01941960588773261,-0.3493167961181975,-0.30317978283427544,0.3255267803210788,0.31653651570465036
-0.5642475986573886,2.5581992856682523,0.18455130319703697,0.9640261152963656,0.9603511534755009
0.46217266608194285,-1.5981243518837476,2.0243096232868525,0.3195210690640516,0.34018266674217723
-0.32034730819432017,-0.48388583405432156,0.4241659464019164,0.2547223992818784,0.23055289208754848
-0.19102776260016902,-2.5623336587953105,2.412615421612916,0.0384597429455517,0.03452765627571271
-0.6097829043193822,1.196631486645651,-0.1340171666729177,0.6408333880101036,0.6671244620750105
0.08199555641356042,-0.7341737987784958,0.4572804046152411,0.323629510260705,0.3085748167718527
-0.4561208274741882,-1.2961166642498945,0.18142662011397137,0.039763280750402454,0.05054229924487384
-1.4400508825942944,-1.0962750868952018,1.5945050632249722,0.020170704257509237,0.021718178613711784
-0.5227230205190395,-0.18490213644298903,1.0490092258368893,0.2693874733376472,0.31267169058320177
0.5488838353173644,0.547264797377967,-0.25495579355369785,0.8732091476415654,0.8638165153607791
0.24930859564172886,1.0237095461069814,1.0450884740847535,0.939873165703205,0.9379703469013696
1.0240625258114624,1.2083662305931424,0.5925269492011831,0.9858565021575204,0.9867424995067939
0.9531250453760867,0.8623934723827588,0.513085420097293,0.9721973368504983,0.9723608865588007
-0.573700003938579,0.5228354880354996,-0.02435459226098284,0.40968301240244653,0.4295768179622843
-0.49190244750620515,1.2000789564268612,-1.876552706041874,0.4923201941041009,0.5067205339578653
0.514438834058749,0.12029563171189886,0.7116148780888898,0.833822182812113,0.8293106864579919
0.5532512199847837,0.17183933979353122,-1.1755946056248516,0.6944440535969817,0.681460946629272
0.26859227886325693,0.0570131248970845,1.5284684264125317,0.8066151890793691,0.8049327375308846
0.05993263026632825,-1.2392583948534726,0.2773769379581917,0.13710939699240593,0.14510615174686284
0.41953244390702776,-0.12094814860778157,-0.8874921778021001,0.475575713106785,0.5414055160587803
-0.3917581490438219,-0.36682441181468756,-0.9224101844985025,0.11943636017026078,0.13543317292350618
-0.062004009366031745,1.2468917155347194,0.9514492770580866,0.9286271453296325,0.9184124974955364
-1.245738778711988,0.21409374413020396,0.173180925851182,0.1142823941864534,0.1180013951284966
-0.3223204692113399,1.6153756894694418,1.2171585208254965,0.9211792785176174,0.9341230201511742
-0.39963618561460235,1.7269638512334051,0.22468472575188592,0.8974731577956414,0.8972261309884108
0.19584525509768155,-0.7783047254023127,-0.978372777615032,0.1654868890320494,0.1975575143589099
0.7462535660272207,-1.3598561409799192,0.6454841811410754,0.37629560851517535,0.39445513108658026
-0.3839712719523516,-0.9980606273144129,0.2502002062516945,0.09708407931190309,0.09401189449799578
-0.6775646523356551,-1.7258067287905967,1.1941094030473725,0.03395279876194458,0.027965001160954687
0.5752050161065663,0.8903831635197862,0.5006657213812097,0.9464978072470179,0.9456163708082668
-0.5245202662797737,-1.1290517712172292,0.48937456122791806,0.059632138410293065,0.0670319604764477
-1.3224579567435701,-1.3510743662080213,0.4818660617184915,0.01060615356840888,0.010219157253535114
1.0760071385985983,-0.796025856803489,0.02131164867194222,0.7158938195835336,0.6947488184685466
-1.251113576385303,0.326133022242118,0.924027019206901,0.18606215199824008,0.19037393967193
-1.0676204293825944,0.6228499323474987,-0.1423794850212935,0.2306620709358613,0.23987991135696995
-1.008554684076208,-0.5388418561927383,-1.962625691672579,0.018544753839443224,0.01999815477234683
1.42274813609994,-0.13427916218630415,0.9262154022415924,0.9640618634694036,0.9553357370638547
-1.8707919210258557,-1.008086310917404,-0.35151348404130867,0.0037473104995811185,0.003978022314211034
0.16476084123651674,-1.46752526575244,0.05088770185601806,0.11605184818544013,0.11306280297619298
-1.0128311203344238,-0.5622875292409727,0.3142473325952739,0.058410626070503124,0.05981271274864779
1.52100622715938,0.46667098196608103,-0.9489165208248372,0.9634230627790916,0.9633326171386511
1.0318445394686349,0.19655477651157463,-1.485560373036972,0.8524064532034983,0.8295456003716734
0.01914777741575206,0.42588720619303577,-0.6414869090443096,0.5588165463710142,0.5995885229802221
-1.570500603623177,0.918316606002313,-0.9896281365703375,0.11094459398410875,0.10920693688968709
-1.1894118928673278,1.1254347844147694,1.6426729532559634,0.5654814032932728,0.5892029546059663
-1.7025836042378404,0.40825275571447184,1.0291556373256436,0.09967815743009811,0.10460261289831958
0.5885784044206096,-0.5805234498047227,1.6699045043514062,0.7301794731781138,0.7453207482293442
-0.5698329282387588,-0.4242363333980435,0.32950873557300914,0.13798104703860511,0.16141448428909722
0.3891591956679287,0.3721054726068629,-0.053120653017545344,0.7749124876128944,0.7941336317121674
-0.9958153947902291,-0.4081008391602206,0.651136241823657,0.09659596725937057,0.09171446107246543
-0.8392096673390064,-0.3649527295428853,-1.0448091940210336,0.06358336878655889,0.05756805606344159
0.8925973382993092,-1.9701038177118355,-1.2111719292807812,0.11392333544293472,0.1082852198996325
-0.0007085945766459172,-0.31305803052315434,-1.2504077339697175,0.25469053651569307,0.2375989622640364
0.03793783544760203,-0.7632861041785816,0.6833289928110694,0.29510732591785943,0.30495104539011264
2.056207129940322,-1.9663565893760018,-1.1032083657216831,0.5670246213577793,0.5610516783724654
-0.24125765461854246,0.40981865692851255,0.6725737012027313,0.6527250019037235,0.633637964172529
0.2531652380379812,-0.6315777291653314,0.820344012612456,0.4846656210576121,0.4719370361353877
-0.4263575962055433,-0.7517910500951843,1.1484457091967548,0.1904705662885041,0.18581644605582542
1.4524675344707454,-0.4532484090230134,0.32674476460232005,0.899064530151752,0.9076861311240442
1.1055259329579838,1.050654396007612,1.1870303055603801,0.9878696547593361,0.9892318867045232
-1.0121043752601675,-0.42688106994742003,-1.6548566718657693,0.026037995655383585,0.02778878235177657
-1.3260476860820383,-0.35976864578908574,-0.413465161123276,0.03074389587830812,0.031755686838889324
-0.23681860674000887,-0.7728252145375718,-0.48536354782910346,0.12476560090799675,0.12043565405895128
0.22391413406466143,0.5524899544171478,1.3641404299738442,0.8941648648029381,0.8867449977453398
-1.0675329142542729,2.062524919243145,0.02421945667275807,0.7554330889770469,0.7855781494733373
0.883109777147159,-1.563190808696657,-0.07783719701280203,0.26188826491116,0.29540657223496297
-0.5511857163285334,0.7783610761666377,-0.8181988834223072,0.4569678808235639,0.44218880363128926
0.20726732939894396,-1.0039573720814985,0.06934433703625043,0.23295206836859053,0.23058616250288308
-1.308820399119112,1.360658595838651,-3.0195121558208253,0.1382168689649547,0.12870697408147277
-0.6124373746404379,0.2871241652018242,0.36150352520610163,0.39370092899122305,0.36669384124955495
0.9854496856152184,1.5781180575621845,0.8691545924968965,0.9928773736150935,0.9932070802183705
0.6592456684324051,-0.8170886310681906,0.9375701376265584,0.6279237174347779,0.6091027275005578
-0.12038116395359824,1.1070806692869728,-2.172669546014036,0.6237747008194591,0.6110601476963865
-2.0038623644067535,-0.26451484131061076,0.6354180302092264,0.01790138681981782,0.017118347438178822
-2.3629324355418384,0.9039348410861953,-1.0097307047099375,0.0236422481943067,0.024280715057859243
1.8861859012105302,0.4040508568145384,0.17457781283183896,0.9880060711575334,0.9886712797196494
-0.987179527151184,-0.21113023882769444,-0.13125696709230472,0.0844421195852016,0.08634113291458023
0.007063158628176452,0.04977368718096008,-0.6603211394734471,0.40609939154381103,0.43839040902720366
-0.11622904312195817,0.2522403964266774,0.21471318317052634,0.5781642815327729,0.5737397322625337
-1.1376856704248166,0.6515219913395057,-0.20149153394751798,0.22644803673088645,0.2184099789980205
0.11351734525124804,-0.3853135968617602,0.6621306745210467,0.41819176969955874,0.4837294639809114
1.8005111815108537,0.18384954475369486,1.2389463529394373,0.990062533377787,0.9889262998038872
-0.46580556911816284,1.5730197252148563,-0.15083771156669531,0.855096884271936,0.8303774242336103
-1.1033666061738736,0.5079913269125437,-2.152890592952483,0.09080867682004833,0.07886303755714938
0.41486550036191044,0.8539759765522237,0.4632885301181062,0.9285376361692803,0.921345575885398
-1.3230897934074983,-0.6389617476895022,1.642015160136369,0.051759955217770034,0.0572505127849152
-0.47383934707091613,0.4240610444640897,-0.014452270878279104,0.4792694298975547,0.43929290659864967
-0.2030453860429927,0.57707212718054,0.37114587337130883,0.69304820529875,0.6772399575564265
-0.6122367345077503,-0.33130838318332273,-1.085150526557798,0.08718765494286095,0.08995175209415306
-0.5535882417079946,1.6777008140764407,0.5689830791852754,0.8679603146098445,0.8767177282012937
-0.5069431753711298,0.24496657110872277,-0.4710383056183228,0.2945245588024022,0.3013542790801823
0.2811914239693758,0.7589285897867651,0.10420110395187607,0.8754003182466902,0.8646732362816413
0.02975613949574519,0.028318376130461172,0.9382838059759977,0.6412122742699785,0.6440607755976313
0.6255080168310357,-2.100026507651624,0.885231482988991,0.14548518227955506,0.14708565029778983
0.42961821913258585,-1.6609609335159914,0.20768768716311115,0.1478492921330549,0.1449872465587997
0.06752820468792384,-0.22577630048653566,-1.4247481862134568,0.2689040978966775,0.27313268538925056
1.4313667818311835,0.33385996656853467,1.0817667276728287,0.9819078381367472,0.9807305970433328
-1.6694052811213718,0.751387123371789,0.543360192379935,0.1350153534247055,0.14545553009900153
1.5007597906343109,-0.4281151609659125,0.8502217421134929,0.9305287633202937,0.9366898114720198
0.5514762752395233,0.271495310825648,0.3405892164004968,0.8344071542978999,0.8467238567024832
0.6124687940136023,0.756788679986982,-1.0166831285764972,0.8651151331449876,0.8722125613784549
-1.3698029795790778,-0.5574917850078336,-0.08828204835125482,0.028091326210574377,0.02510433105744204
-0.429405541125253,0.12522450264790727,0.12229750303228377,0.34226760402235207,0.35977813543364967
0.8595878869798019,-0.5495571359085801,-0.3871306497895146,0.652564206239193,0.6430687899616325
0.35845361820962024,-0.5353350870162231,-0.7309562757154733,0.37936953430854614,0.36502724081212157
1.8124485579969287,-0.6269670577877674,0.7077519354554754,0.9426479998782886,0.9482096510734569
0.6696725488300385,-1.3044695005048532,0.36659824609684827,0.33461184765743707,0.34672363970963793
-0.2515388860444957,0.7833905092825955,-0.5975101946916416,0.6437104927726995,0.617945364464335
-0.3492577043184288,-0.3486521344078592,-0.3216350512173826,0.19250871448700665,0.19344264357470364
-0.6897277740641738,-0.01383774609423725,-0.493122822399772,0.18181964957131977,0.16281250457007804
-0.12853751143893075,-0.2081168572725397,-1.881849045497639,0.18316606084716847,0.1717056610340425
-0.36927713924620315,0.26125053123385605,0.14338846734225108,0.4669093170721226,0.44435812756184784
-0.6706202090766449,1.0005823180429783,1.3924653000643288,0.7499544208489328,0.7402224120736205
0.23878915902651351,1.0302834540318422,-0.2590421458207031,0.8812299647637507,0.8837089495577305
1.1172958315881276,-0.0821511783925688,0.34272534637770413,0.8998344777679179,0.9040945926254305
-0.2561797524953801,-0.28487549336967083,-0.24149744587077882,0.2334549811604345,0.2501046963371029
-1.2032008553891445,-0.6497652268482671,-1.042044412243103,0.021763172677814427,0.018365544098698568
0.8187776437548606,-1.1482632887526183,1.5379319184125528,0.6308727704405598,0.6285193367488663
1.5805406865683735,1.1401490385212665,-1.0150941918278686,0.988471843908852,0.9885436391240562
-0.3011036955892888,-0.11564828238824053,-1.4785219903674274,0.14604392541556654,0.17482802038394174
1.4769344261182744,-1.5166425494207911,-1.167779551267935,0.458852211457954,0.45260441969857035
0.5697672802322039,0.4567532191537839,0.44770856001731496,0.8729653351036325,0.8914063112906903
-0.1590452104000513,2.218780233448134,0.29562448874709507,0.9682235841473629,0.9702691962254674
-0.6163614080394775,-1.2601647651725802,-0.375196380323937,0.030198670647426235,0.02991474046363002
0.6487098875896427,1.3821589910375272,-0.16711808031685435,0.9723331205486256,0.9695614490024602
-1.3659557112005343,0.6835693232004776,1.2119439853864005,0.2809274433394791,0.28153716264752116
0.6585442726728304,0.334456789987025,2.0102045387663496,0.9428335928307677,0.9474308706150284
0.4919191715065057,-0.898414671348358,-1.3202332070206422,0.23016862937538238,0.23260725814046018
0.6220699903060487,-1.3122191934314063,1.3289333195354096,0.4353237104480987,0.440403136215735
0.17958178193959795,0.513907849658915,0.3506300992735592,0.7837662011732214,0.7990228564134138
-1.5486182988637467,-0.1767741631157821,-0.4911537471421047,0.025177089581511852,0.026713471687773112
-0.9175028210142636,-1.1225448062444139,1.0176614668435024,0.039986494222836656,0.04222078257939978
0.15175799224874037,-0.31984752325484395,-0.835142901630023,0.3069785669793335,0.34054941936167904
-2.9213504834946074,-1.072139011985607,0.4365598041576678,0.0006259097441890393,0.0006837181971846407
0.22530792204094158,-0.17435425790283585,-0.3695269288333586,0.469784898430763,0.4912825989834309
-0.600638689918805,0.37569801834567196,-0.2916937497932768,0.3424245241601112,0.3279756749600226
-1.0858251288851855,-1.0872459388628026,0.6793732829565033,0.02606187905688948,0.027355275676534906
0.6329318177555108,-0.5522230442809712,0.2029230208512997,0.6241110758199845,0.6094033020929643
-0.9186865114860944,0.5555126463422483,-0.4173668136050844,0.2389209986881538,0.24719040871108922
0.647195939702741,0.39922312260527926,-0.483186462299374,0.8501498076059855,0.8427839115027418
-1.6009039784765156,1.4898634386020821,-0.828497024780246,0.22008456496461495,0.24304618564568659
0.11092258970986608,-0.5443827245251827,-1.1509935774223028,0.19582134263318252,0.21851156770921196
-0.05489400061628639,0.22323891412915967,0.28555407485765694,0.6171795656507184,0.6003946083684588
0.41343490322370086,1.355637858804951,1.876795812558066,0.9849982996592542,0.9823131123418668
0.8294055811834892,-0.21910052880886424,-2.211135309007885,0.5025693581360592,0.5308677165921489
0.8723206367206782,-0.7673475628880495,0.18334200573835174,0.6327541166392546,0.6347527036811523
-0.08059974929676088,-1.7762463334664518,-0.8330560570007587,0.0289048294604963,0.029033909470114812
0.13653533108273744,2.013387247526623,-0.3653215513121087,0.9678404684686529,0.9672760595713775
1.281016361735113,-0.4473218956587512,0.0678555105274033,0.8433010140970237,0.8609466343581549
1.3404504460231446,0.31917451041918043,-1.8751724696457446,0.9104649351468528,0.8992557808980002
2.270692857804396,0.6327818661062848,0.18186625505849516,0.996522295621947,0.9963368798833573
-0.6237689606958051,-1.0534155631736561,1.9140313538667861,0.12111790948696165,0.12308110622682361
0.7109599682034915,-0.3748208075495975,0.44426331148603976,0.7477238563830259,0.7340737473943688
-0.5662977296027719,-0.9905363251306883,0.09965136508764122,0.06310952908864809,0.06353098557171889
0.5087250232299338,0.2671266510114834,-1.5811907020321334,0.6603680753257488,0.6498607074833739
1.205994516546816,-1.6304732437151401,0.7774073527645112,0.4891530429896075,0.525178338370907
-0.4516594761596227,-0.0739475656083926,0.19502498402812674,0.27240070158302643,0.2870979201423856
1.044160877069072,-0.48943944251822213,0.6818914896263114,0.8289782630997815,0.8329732141264975
-0.20902325728602528,-1.2242982362893657,-0.8505204542093001,0.04931852324413555,0.053905543266880934
0.7716987106483447,-0.37061433208610595,-2.8485426206300755,0.3349926122473589,0.3611517972771534
1.0599363840466218,-0.3920126399191296,0.6170059495766975,0.8498499774562442,0.853737383146196
1.6764373122752827,0.0184183791895517,0.32692737376416264,0.9743659941945175,0.9707358249959218
0.241321934916781,-0.29660745906979835,-1.151014083619507,0.3394718853509292,0.35193480834882307
0.14294309476370676,-1.1939250063990554,1.732514999485092,0.3048706686664148,0.3145602156798802
-0.3933388123273607,0.3686733088729012,0.028744822934817487,0.44736542432773085,0.46156939134040353
-0.8972543714858315,-0.012246772846914623,0.07580455819372633,0.1397692855552856,0.1483408558986731
0.4591800792284367,0.8339221545489041,-0.07016571145864703,0.9040873297163615,0.9035840402402436
0.7318707042882956,-0.3294477863470914,0.3350580290841175,0.7510037521105712,0.7454173391142165
-0.966976143129213,0.42545756178496474,-0.047711356141979855,0.22762974146024106,0.2261510397304653
2.0752608726252655,0.19759960469239965,-0.6891878180895679,0.9832397265248656,0.9829273768396144
-0.7832532923362371,1.5499344050175394,-0.3220615162056756,0.6768344573706683,0.6976621736446563
-0.020901593964148132,0.6103702654334648,0.117327383308782,0.7112380368691078,0.7354645812542087
1.5039929885826886,-0.2549772174208553,-2.650969808393012,0.7783494961002515,0.7621400941736214
1.2557561255735208,-0.4787486216634773,-0.8946073022195039,0.7517418733202142,0.7722950618656893
-0.18565897666381712,-0.47917423784528995,-1.1063349740060282,0.15042798618208333,0.15083333146022532
-1.244654703311417,-0.773789199103573,-1.7787202489042786,0.007979733283546118,0.00949740596295105
-0.6226995198205938,0.28099186773503265,-0.20812225035727522,0.28998288098109726,0.2946472196656636
1.4765403497258958,-1.5763921569842494,1.3800913541474515,0.7358335169816221,0.738044397675495
-0.5017570435845365,-0.8084936028931876,0.9154021177020741,0.1284503436770358,0.1370225189809593
-2.1533429198712444,-0.5260348426675804,1.0971527117536957,0.009067612740701107,0.010621306749905869
0.4746982328799528,1.085895565831578,-0.025026958745143917,0.9388608314526263,0.9373595699073197
-0.07443342910004629,-0.24751863555150475,0.620672097550678,0.4686108545253474,0.44264437585140953
2.4929995174327906,0.3885786045309641,-0.006070911539893324,0.9961290104024625,0.9961069860652281
0.1704162223754877,-0.38817681854122876,0.1605739810498646,0.4472398403251529,0.4455739888890244
0.9592708260852069,1.4511436077950417,2.1531824575115563,0.9951411414195596,0.9954705815060759
-1.0710536796490489,1.235782191822154,0.6802161054504494,0.6024024173902551,0.5682078789815408
-0.4465149520670211,-1.5148472246858646,0.8563987943234723,0.04824283853783277,0.05105294052276873
1.1267051368275833,1.0325462043416573,-1.0909664302151982,0.9682187694443415,0.9660303022305073
-1.6074832345612275,1.307142754282428,0.1846338585323042,0.2937821150924436,0.28448254389776756
1.9647251329163893,-1.1978778925888485,0.03526355197172861,0.8653771565064209,0.8721046147677123
1.246085192497629,1.0915068519224618,-2.0733902324081495,0.956276201093134,0.9596436164455695
-1.3459796802467485,0.8712972974572442,0.12637957954641182,0.24068279454701286,0.2398277623404293
-0.10594835430413566,-0.46531045678005334,2.6443433470170348,0.5627050009080198,0.5991799219393826
-0.027514905050636255,-2.8722622132816493,1.772251596669744,0.02344887758561865,0.02081648561333715
-0.42098448082026296,0.39445214237829684,0.2897748568964129,0.482686271885634,0.4924046213650844
0.4738329209117875,1.8657745111447566,-1.1913034972026486,0.9679814911580851,0.9670295051518989
0.33417641724489744,-1.2417605754816243,-0.15525904882474875,0.17664874197116942,0.1880815529063693
-0.3091164642025014,0.1920491164900316,0.1335409047822823,0.43985807821879386,0.44427779563962266
-1.2946814757209058,-1.1196698946261439,1.1608267873785194,0.021138609239672205,0.022197724795104602
0.5581395145185063,0.04351466864346608,-2.529560077694303,0.46084065101973404,0.4638743049410699
0.9843223984765838,-0.998354040738791,-0.21398884422550896,0.5311297808067312,0.5466463337888215
-2.0674421000398766,-0.03269474809409311,-0.08912003951278841,0.014866615508066313,0.015194782476459593
0.6897078052451944,-1.2922626951056186,-0.5029747705513431,0.294020595415304,0.263831543576193
-0.07160125941406395,-0.19634984908497827,-0.03722223650984159,0.37025224471136414,0.38156466660333915
-0.6905410523162594,-0.7837656655863965,-0.9161919154812425,0.045713650857771265,0.04213457749138575
0.5522999376795232,-1.232523314768509,0.6256309336460009,0.31564574464130873,0.3516651055200742
-0.23415337472333597,1.5230298564080254,-0.23413695694918055,0.8761850219816718,0.8720339842407911
-0.04865235157045115,0.34378788154988543,0.03279699541158651,0.5975221704132733,0.6191627669330715
-0.5893647569442115,-0.4930009346588328,0.8496020970210246,0.17741413567635625,0.1781817397810547
-1.081548003614395,-0.6465728842425266,1.6871416350725648,0.09238286974813804,0.08991037819608934
-0.21701705042437042,-1.2585049106753345,-0.3084827884558197,0.06406752721330534,0.06567043052410566
-0.37144086599579146,-0.34268759408034877,-1.4075116947178212,0.12456350814449259,0.11646449586929816
0.7746340534293368,0.44381942814622843,-0.926930471578083,0.851441046062781,0.8547763394252651
-0.5353281859539227,0.8474216771504216,-0.09053328230416077,0.5091171726151592,0.5721882004993625
-0.649373038321426,-0.181224173218103,1.321304032273012,0.30449872830494396,0.2912265118775664
-0.9983854391882915,0.46877425607502377,0.30179189981946597,0.2932397655113667,0.26131862937836103
0.01259240078179486,0.22409248181041677,0.09767609854883172,0.5999073463115197,0.6091440495654908
-0.21804589539237385,1.80930634973311,-0.8476339286190848,0.8878476918677382,0.8911011568429086
0.6339190223180112,2.1439440893253257,-2.025142586657607,0.9802550500618963,0.976275411346007
0.6659242520544614,0.49774308909139425,0.4215866106144557,0.9078520000307401,0.9127991803782086
0.34758170536167105,0.01843393306539316,-0.5397596803093615,0.6405919726201832,0.6068523426098189
0.2237879516388985,-0.5176112990361714,-0.016422896072752075,0.3647567465753304,0.39696409380862296
-1.8206033005485172,-0.5703513664136806,0.2700573583914221,0.014425122171527246,0.012347922094791235
-0.5172884501003722,1.0654803750653512,1.40934744018558,0.7915841544477238,0.8122157511760073
0.5562300094006599,1.328194141849058,0.45588777208160763,0.9687220826888294,0.9710927506649535
-1.0021874557814727,0.04091917539572113,0.7408243454201259,0.15999907612418096,0.17928973899673553
0.24650477843200488,-1.111457956937032,0.49822174849678513,0.2332394178874793,0.25325829533608574
-1.0041407667520679,-0.9186519464841982,-0.7677975651041284,0.020844702710842582,0.02011772781292117
0.4547409121411344,-0.03361256470371301,-0.5164296438875717,0.6458853971809927,0.639169945958039
-0.8058700664961888,-1.6834381922209503,0.9648516330974576,0.021826385931221087,0.020821520828281422
0.2658782296520485,-0.4700421477595015,-0.4367197360405955,0.3837294319003375,0.3832784802796177
0.8294748419317485,-0.9399031011088647,-0.19382613877280352,0.48733438437641374,0.4971726629323488
-0.3152692446403456,0.651391251305798,0.7589692204932674,0.6644062965096186,0.6992797308862966
0.25373966149457344,-1.5029703283951532,0.4676931717654332,0.1376734068477338,0.15108856075587185
-1.2477831819648495,-0.2525681513931603,1.6324113039316352,0.12486664273292628,0.11677688669941261
-1.830632896856457,-0.6540756831274238,0.5112025995249807,0.011322419200070485,0.011964982343974234
0.9504238381860503,1.8761708392158862,-0.5769036556624031,0.9903780722860694,0.9905640083232502
0.5863640187550933,-0.5286166817497568,1.2382830714336357,0.6829124762731851,0.7171304374856167
-0.6881503451777238,1.0098170893426341,2.2524358053443088,0.8074903681226191,0.8138106681215036
-2.151815401329305,-0.8911922254152874,-0.7191533192424201,0.0022331684390297854,0.0022930959305484436
-1.4358621511794394,1.4412732890661155,1.1631637521549596,0.5510886048235757,0.5361431586596738
0.5296927543567308,0.056649924897107164,-0.07049877805909122,0.7729500344867593,0.7501723490507245
-1.4848979684499035,0.9495541354413237,-2.553921134901955,0.055888813253838314,0.0634222535702752
0.3673655068161781,-0.22647889190152676,0.9135846262332494,0.7027102786525923,0.6956107209800999
-0.9273531341905741,1.1618783026081905,0.23836898273478513,0.5707186571576954,0.551409189122196
0.019616657693989903,0.4384757388097273,0.6728612359668199,0.7518341439676888,0.7519098770977813
0.18383451632250436,0.3011073391917421,2.6930336639804966,0.9119822819386624,0.9052581787890509
-0.25885440036983165,1.223083067095325,0.35250496835687956,0.8567148440901985,0.8432675260134525
0.570612997219531,0.34005129456889044,0.9681846605328611,0.8843732376287702,0.8989664654316647
-0.9096834169818336,-0.031058932870901952,-0.936506374789596,0.08630658764219451,0.08871208796801403
-0.742484232538384,1.341475915530881,-0.4853058353678683,0.6320858509811261,0.6199052945900201
0.8836599374866724,-0.17262729994081963,0.6523228784134196,0.8528290740857106,0.8576410486501465
1.3149144535840473,1.6122782579886454,1.639964529371393,0.9978295452036633,0.9977415608919483
0.4395012306202264,-1.100154232971695,0.7789365035121141,0.3579891373191637,0.36895642526626027
0.9686449905328892,0.09707754934804039,-0.7020530938773524,0.8507998573959035,0.8457912094110177
-0.45709625658627184,1.66125921454787,-0.6022120603617805,0.8104520840860034,0.8199032664639632
0.08182935854756501,0.8384907744516419,-0.09888965319114267,0.8059126972514786,0.8156492494350243
-1.8019804375800197,-1.1701130260593595,0.541462728204788,0.0062476787300801305,0.005545064740900062
-1.4480843414973241,0.2320499373576363,-1.4074637743765552,0.0379278674903282,0.03907456893153206
0.5010941699398452,0.9751976297824297,0.1895816165987434,0.9323792570730957,0.9362783402332646
0.02538842054241018,-0.04541121793223822,-1.9196731561976563,0.25420309007107034,0.2644736461077773
-0.02730453950993186,-0.15852957302697002,-0.933267959073196,0.3132952392511763,0.3101325639368424
-0.06717829004935526,-0.8318222082304447,-0.7157599891107518,0.149832849037221,0.13343060725191427
0.46926758980852623,0.3161559571827783,-1.5355721232071058,0.6532040559939324,0.6558799567398936
0.5987943895619102,-0.006521315229458062,0.6683404887180808,0.8165251901106046,0.8199549626389361
-0.6734906242438685,1.2477420726737338,0.27899416222380197,0.7069164980621376,0.7044288325193465
-1.86653661707306,-0.7168223206028049,-0.08268068584269925,0.006839350665444437,0.007418447729588839
-0.977555244798551,0.5009171876243808,0.09933230542922587,0.29020812874452884,0.2591131477849613
0.7479102561175338,-1.9792998103757877,-1.0727430257398065,0.08980614820248176,0.08815010149381361
1.5334337012963255,-2.211861911329507,-1.423957152450145,0.21519207817427916,0.2051902195272693
0.6929186230316111,-1.3386057997232488,-0.6058608207588934,0.2520336996965106,0.2405884450184304
0.5345056484805503,-0.18319661872038787,0.8876554258738361,0.7407557139083703,0.7708738487923124
0.19729226563120644,0.4631847952675847,0.3113086734428849,0.8248637178663831,0.7877312423823769
1.3883377782084478,-0.5262478565174211,-0.38502181171286365,0.8456413460339163,0.8414918201161407
1.484116028535965,0.47240627788037737,0.35561334878566,0.9827547059027516,0.9798392182025131
0.09612077694098337,-0.5160447282173739,-0.4622752887050425,0.29509816222339963,0.28929295292305407
1.7952113559123222,-0.3206676255571917,0.23007075919140207,0.9590920060649829,0.9580410231348238
0.7083564472993533,-1.0212328171307132,0.24380071377119883,0.4878453695903918,0.46111276878894053
-0.015309849172995557,0.18335991977915564,0.5792914996010884,0.6516737344642988,0.6392932595893676
-0.6353623888256293,0.6197114459661363,-1.1896666590903613,0.29331765596442194,0.29904715765250234
0.681359510442948,-1.1022921498364233,0.4086073077017676,0.4583201554659656,0.4362273101501816
0.5159392177040995,0.06699071722487192,-1.5625458568865427,0.571531851012775,0.5777536631042514
-0.49163618563204736,0.20965941527462578,0.8071225966373103,0.46274604225646504,0.4491611676123168
0.0064222698109378164,0.5462842480036996,-0.4363858905265686,0.6643522506933444,0.6644358316819139
-0.5289777080640152,-0.6085897232397004,-1.0565576427602528,0.07256880776121544,0.06972683696945235
1.695051040430753,0.043602446372453724,-0.622649361734452,0.9530200018106441,0.9563086526629894
-1.1062935124116342,1.1356201471829441,-0.8245141615276735,0.29477052049409264,0.32259631835011354
-0.13014305436768459,0.3241663524884421,0.09699596499271819,0.6114514866327571,0.5809480292805542
-2.296180953137238,-1.4438548161335418,-0.5505368494915835,0.0008082809378060659,0.0007610461490889356
0.812525822394198,-1.1962066240806708,1.356240028570823,0.5643406583656284,0.5842679628095758
0.7796605322693398,-0.30803428418574125,1.3103087461196083,0.8455692003451659,0.8469330057559423
1.0786808334312956,-0.45888426286894,-0.03850846950070721,0.8071177382441034,0.7941964644414575
0.132969674146876,-1.0265152994110602,-0.7001208149391732,0.13909328555188,0.14325625670936643
-0.883857436201133,0.3853173797288368,0.1537251059455279,0.25676665391804937,0.26353446834157557
-0.03143917037477642,-0.9266983088473107,-0.8484286341908146,0.12730864829470295,0.11655927181783189
0.6795977489346758,-0.7153037092599682,-0.7303666317171367,0.4831813156114078,0.4460825973442808
-0.7257438131534656,0.517659020469123,0.18676676447707832,0.4204895605251388,0.38184636626645896
0.5866938014752747,-0.25890497370407733,-0.47490365662252443,0.5969315018692665,0.6184837276087333
-0.535235211560568,1.0495527153193351,1.3173940656343257,0.8074543068074749,0.7949700150518595
-0.6078752606758179,-0.8372624310497003,-0.5391227031489786,0.05206847636698061,0.05453437914592445
-1.7101683926566256,0.3078017688920592,-1.348185422105713,0.02784957470412553,0.027564236178777908
-0.20585943088034037,-0.19646658342809717,-0.7465783465402389,0.2784285509003496,0.24668511525457548
0.889630795623437,0.26705026586925884,0.08228398927542419,0.9126595851734938,0.9032127465261655
0.10855970577652314,-1.1437262073206618,-0.0332299906444608,0.14309701574796937,0.15678673654037986
0.213979910734222,-0.6997255079925856,-0.11232804969082982,0.3283934412405043,0.31292430258338727
1.7553408424432044,2.060747924881987,-0.2489641484790735,0.998636284614323,0.9987859989200788
1.3993554365860021,0.5725827813561586,0.9246336829127688,0.9847613939012959,0.9848902128778408
0.19109906801990334,1.2784518626072987,0.04643654815614881,0.9305351168857509,0.924186782373181
-0.1681438185847896,-0.620847598251116,-0.47209057769712737,0.1602470154456453,0.16847028399009806
-0.5621680265783021,1.395683810789956,-0.20922187374452778,0.7526098288690029,0.7458993481793463
-0.6056155397368641,1.0399046873960764,1.8260097135469362,0.8082691731504354,0.8123239538177798
0.82206015999449,0.4127809269364983,1.8967929826539474,0.9682036533296392,0.9638524821038192
-0.7982972445384537,-0.1769472274940494,-1.3793192280145272,0.08057059303114873,0.07043473294208966
0.34233783448962146,-0.33513778117145177,1.5541604207147741,0.7106447593266826,0.7174406251730253
-1.0917008761393143,0.6687416555925126,-0.387099702474401,0.24039416611815398,0.22224552354338456
0.638391925608383,-0.9006207346478687,-0.3286184757489846,0.40556289825534686,0.4029534959991683
-1.3118362323501596,0.010352619843380607,-1.0651136630753726,0.047307764633668224,0.042278604681181206
0.12810441491078928,-1.4307751021180481,-0.6810516574748808,0.07809029787507231,0.0792733236298969
0.058022734808395225,-0.04282338131157488,0.8484308822052846,0.6044937702971866,0.6189532053193083
-0.5302576183724408,0.5040465155178444,-0.7928728322623442,0.3352869949566966,0.3478446951406183
0.54711911517521,0.02246589281204638,-1.1808128153088449,0.5980965850994391,0.6225352363895655
0.36139560550841393,-0.6451197546051243,1.5380365664659692,0.6098882432029555,0.6110501846808347
-0.7424705856980482,0.1946074552372427,-1.3200225112207058,0.14095086629779857,0.13837068239829012
0.07203686128374476,0.6021183203924835,-0.21220896990115168,0.7442434066037993,0.735096283484672
-1.1254890472983765,0.2799686263198203,2.4457519796168263,0.40832271813919857,0.38113904657465036
0.23321613126350166,0.7082144232565571,0.9531366339132451,0.8922061877506583,0.8926714124287002
-0.46603650186824225,-0.14760258629866868,-1.5947030672667954,0.10369173412178773,0.12030968036656504
1.2619215007139917,-1.7730324682068814,-0.9057323008626189,0.3116755653363716,0.28935973074217597
-1.5537587660160643,-1.0718572330401555,0.8178896580250287,0.013047691008452674,0.0121847804436345
-1.594427658794367,1.2378163119734618,-0.5993750229537729,0.21075597102047258,0.19494408615557296
0.29307247329868125,0.23225369716100355,-0.7143514180263678,0.6682354491217638,0.6427259388009094
-1.3719011429313563,1.7117084801423434,-1.6135613978767411,0.3295288740943874,0.3254408633376772
-0.877982586756561,-0.20367375017696587,-0.82688035403986,0.07858277937793408,0.07630888513497143
0.09798315347089544,1.0857863249393471,0.3080505395041023,0.8936312057165328,0.8944297265861443
-1.5341141707356223,-1.1246420918378692,1.277676821898509,0.014726447951387783,0.0147124324174743
2.006092888159123,1.5421099525678756,2.061503576636398,0.9993907490630894,0.999477259246053
-1.1057046684859357,-0.4108142879545848,-0.21492103028873533,0.054477685552703256,0.04907438939148339
0.30263546523903323,-1.146345393018688,-0.7542758500193579,0.14786440554485156,0.15717636607099733
-0.30917212346863937,-0.4344962274323156,0.22213377163371284,0.24249771997524389,0.23021306547938544
-0.4500128579958137,-1.1300693390403578,1.2571492168625729,0.11975168383633887,0.11018073470269779
-0.08836295920533532,-0.10960980392583083,-0.3700110298821277,0.33368605046711214,0.3666808156129089
-1.6275424378831627,-1.804882100664519,0.048084946661381994,0.001934708344540422,0.0021394125962310366
-0.6002168771587947,0.19905969557347003,0.06980208499001891,0.3581324231554511,0.30603664084671456
-1.0016200098949155,-0.6819842479977986,-0.2811002928859549,0.03356646443591297,0.037724248407094936
-1.142970297830623,0.058208718445999896,0.3577873603482833,0.11034394711536341,0.12247567710756228
1.472670675750982,0.8760467925297942,-0.6039806259692295,0.9861602687331699,0.9824533416340963
0.40865281148067084,-1.77623523289832,-1.0293715081820716,0.06229829139533066,0.066087503693073
1.7275431701007113,2.1422703586118637,0.4363236696740321,0.9993039911976266,0.9992143012973147
0.3904648499288896,-0.13737178839939665,-0.10322175293249623,0.6615477917677507,0.620013508636015
0.7674347291529088,1.5792128155073915,-0.4694743859349521,0.9783039099541627,0.9793953870784982
-0.23086637384476896,0.7215625051261435,1.4532606633210343,0.8210311174925444,0.8155366326244227
0.8451579711843216,-0.2788833941507565,-0.04889718347410554,0.7734459575928312,0.7650954357126385
-0.409282438113104,-0.6947131310890582,-0.5240883979345925,0.09535423180767559,0.09798949556165615
-0.4523063192490767,-1.889540730945531,-2.4238793266289567,0.0049329429536690205,0.005193264583787279
-0.8184286659420014,1.5634133588321082,1.532367724678116,0.8644331461939379,0.8523783023856834
-0.7991920066502536,-0.6459641791245353,-0.4827435221820324,0.041356598111749625,0.05284806756580939
-0.025574312191994436,-0.5089636257074988,-1.7690759048891183,0.16495273789030937,0.14107506151990856
-1.9937356425714554,0.8335289616089246,0.37405656984757213,0.08225671238196314,0.08607671829057997
-0.22859991534001858,-0.5132135664715852,-0.9943493746085122,0.1509534530900972,0.14059842759580032
1.513449743242131,-0.12174750838328353,0.6308116845547775,0.9513943310997883,0.9572413124905865
-1.2803043986708944,-0.5640786307367284,0.8724573282801447,0.051802603751571245,0.04768547660400726
-0.026521259249060063,1.0701502383164274,-0.8818746512277178,0.7650675658983319,0.7768088597652945
-0.16882172319001063,-0.1044492185374715,0.07005216311318138,0.38881091800079454,0.38518024794376393
0.5820265670847269,-0.6967718184295749,0.26044226333355597,0.5532035615896383,0.5341993028773837
-1.0025293646378088,-0.01901620790268883,-0.01851313599238993,0.10939747499963468,0.11762045516002288
-0.2523535021262876,0.3230792731160291,-0.2918112689155441,0.49883574603895237,0.4705410192056736
0.26912694124510733,-0.3916485674217911,-0.3431922754974105,0.41023115772214347,0.4275527248679468
-1.251539424190444,0.3520553965142968,1.4437646040732595,0.2705743079474223,0.24313465071807508
0.7604146561442974,-1.5839028234857233,0.7858001586508322,0.31539771331303657,0.3327396047262647
0.4283070972076486,-1.0623935281468797,-0.18714426500454878,0.2823532137429551,0.2691225143072396
-1.0003313246055747,1.9389289990582848,-0.6777449705248515,0.6940623274558225,0.703235596524581
0.6901439917111125,0.40171172209894146,-0.40122047188583626,0.8631220147311004,0.859407617051556
-0.32267983884213575,1.5013336519554867,-0.25083301645504735,0.8471334583338609,0.8455875123363593
2.3146585666735087,0.08187413938632256,-1.867265192591748,0.9756831918340035,0.9763808001421479
-1.366878698415421,0.9343199112392737,-0.22476540189268354,0.2270400293847534,0.21859907115187568
-0.810252437014381,-0.7345915767980492,0.20056919723094285,0.06435237971840596,0.0630865200555137
-0.4937565831613125,0.99626681944714,-1.556581898659751,0.4684137527859668,0.4637660597053238
0.8691560643892732,-1.2376624223272978,0.8872908372667421,0.5174132258228665,0.5349139710286802
-1.091933900395313,0.8545252270666157,0.8902475008365087,0.4255666530026397,0.42955578262484595
-0.2860042218801108,-2.5302875227463297,1.100959634998571,0.017986427223130458,0.015560723591649603
1.904136589573007,-0.29983819627488056,1.6259589153620633,0.9850143925844849,0.9837422653282202
-1.0325239035275395,0.9413105807674833,0.39792704994680894,0.4192186070579757,0.4304264270289385
-0.29967664800678706,-1.4485914146335441,-0.05020461704174478,0.04732994740983236,0.04761059213779204
1.3538723741654128,-1.7131345290908775,-0.11453984525261789,0.43312123809626224,0.44828724051794966
0.6819529712949639,0.02100384163275905,-0.31026675659345604,0.7651480832361621,0.7713838032934525
1.0715431522348857,1.6999573745763805,0.19063559126502433,0.9929208495181306,0.99331989132524
0.39580353343740904,-0.6255627015095294,0.4940301862827388,0.521846611274297,0.5021812433252558
0.2544208433012131,1.1677820616598074,0.3376026620752022,0.933372263579071,0.9305357966785839
0.9321915642603847,1.7473631979155582,-0.23655528721894603,0.9898950492505685,0.9898815485069364
-0.13826430117118466,0.4967141530112327,0.6476885381006925,0.7049848171599167,0.7069233060058001
0.6962063648134184,-0.23093453020867796,1.8489560949453452,0.8851147015048316,0.8757901102748936
1.0213832954293984,-0.5647740041709423,2.088442772869925,0.8876050603084602,0.8974910446176749
1.5615111967268527,1.301741289398798,0.032004149065766624,0.9943254641217791,0.9946758556832596
-0.5312142946075985,0.1941076309533577,0.48387665118803974,0.3811781077356469,0.3832822342453111
-0.42924442029866183,-0.2666523292344148,0.5885532697707198,0.2642804258527299,0.273427010793293
-1.0372461543264564,0.5389100436846587,-0.1903386780836082,0.23408859407312757,0.22160253846477573
1.3757068133116195,-0.29756350335999193,-0.15005558703252672,0.8766781002949603,0.8949515756641361
-1.243863235391285,1.7495767431869393,-0.6929051977959073,0.48581876541951025,0.5160503619417441
-0.30777823495300083,2.16325472330546,0.21915032766393897,0.9472200378077823,0.9552767303358709
-1.4382779783173667,0.11327041053776446,0.9192289345752035,0.12904564153884954,0.10262982934261097
-0.24903603955637832,1.6449677135012837,0.5765569630557664,0.9096959791183775,0.9249533615415529
0.24395319790850026,0.1733416643704082,-0.22320225463480511,0.6250378666961593,0.6568094548924226
0.8004095252276823,0.43192254467394064,0.7542913298135743,0.9356210034329807,0.935717651463803
-1.4084612963635597,-0.7043436905427592,-1.5566291735239037,0.008549415140425653,0.008661136202424737
-0.039307287627631186,-0.2440804736742013,-0.1344967844017327,0.302200968122584,0.3662571252324474
1.9925153531681183,1.7193779062072967,-0.7666565877833479,0.9982094173227553,0.9982557846056904
-0.8036745679697308,2.5797093376543185,1.6391168054440675,0.9717471130266263,0.9708990151115566
-0.6067002947652967,-2.246889333984605,0.21128369227947272,0.00738189054664155,0.00835949898499268
0.43693816974634986,0.0030460201534144695,1.1906462747863413,0.8235425613225505,0.8152688274488845
0.26402008133367,0.1998104337187135,1.2723535001067678,0.823894108334598,0.8190326094347353
0.9873345165891019,0.4663583744463345,-0.07595102364252276,0.9315183235363375,0.9352923358392488
1.5111549302473475,-0.12754912037753421,-1.4511756900515589,0.8822092715717862,0.8820288889272957
-1.5151910621985523,-2.301921164735585,1.3668742674445247,0.002224915106948354,0.00234165733195846
0.19808476076785494,-0.024125087110003277,-0.14436041192394247,0.5907131131647296,0.5684159533025801
-0.6013676439512137,-1.3340254949182044,0.31978193414253697,0.036246018483694534,0.038811823807515695
2.439752406339273,1.0225704320096403,1.3842728185105182,0.9992545298743356,0.9992571560635004
1.4926885689595217,-0.8031789506803448,-0.2711236010425688,0.8188423149800678,0.8144475297813136
-0.8022772692216189,-0.3427145165267695,-0.16128571166600914,0.09745558862015077,0.09737001875453094
0.047398671316414016,-0.6518361078021592,-0.8604133652839524,0.18965868578440293,0.19389867465567015
-1.2932729578711637,0.7197579421481819,-0.9564363768180087,0.135434719494974,0.13448879832283903
0.0036956718478473255,1.9625871905307948,1.0114630354083562,0.9772955404635167,0.9771850695954377
0.7223813578277714,-0.43745830032341043,-0.372833152091767,0.6174456298332182,0.6248275261364867
1.4872461553359273,0.6820520657126199,-0.580053241370043,0.9771916198803541,0.9769698837807319
3.1377485336599937,-2.1356742139786955,1.0560568090660518,0.9603028167811613,0.9615805126328258
-0.09833962679474989,-1.6929568141953855,-0.9885911071509175,0.024997789077661283,0.029632043125493314
-1.7684393655628516,0.14088624691120394,0.32316771418478146,0.03794424491667156,0.04380887625045185
0.06023020994102644,-0.026513875449216878,2.463242112485286,0.7896948574036584,0.7951023626382582
-0.22648409884983192,0.5820977034686158,-0.9594392367234797,0.49363604903244024,0.502825035106526
0.7083038472010638,1.188913371474643,0.3514482075415829,0.9739580365113529,0.9715487537187559
-0.7563507452843033,0.2034636358672231,-1.4222537095976742,0.10618302924068342,0.13069406397346947
0.006799844559997769,2.0236062192296393,-0.19003903500149447,0.9666965933430876,0.9622693819774715
-0.1973384203073261,0.08958068125524882,-0.1512732836535117,0.4310064934431477,0.4206448658095889
-1.2002964070557762,0.8657551941701215,-0.3345012358409484,0.23731267954492907,0.2468481187469904
-1.9875689146008928,0.0917607765355023,-0.21967188783751193,0.021348401513684473,0.020279900017373002
-0.5956612940434921,-0.6537663386488198,1.3744380931708173,0.16978256920879095,0.17765859919995675
-0.5915713888358299,1.277664895788425,0.5470973811700379,0.7936793960392895,0.7717771319867227
-0.15178509503558332,-1.9520877995225019,0.5883172064845765,0.033374814521619264,0.0391751192743151
0.9640871682883573,-0.24415663529064868,1.1894704889246406,0.9136380421336017,0.8924521496123645
-1.2308643164339552,0.8135172173696698,0.22745993460412942,0.278272965601732,0.2750238643697932
-1.2295495944524168,1.9583474542205939,0.4966992232365217,0.7264623708887947,0.7415364773038523
0.12354769595558233,-0.5923559556520536,1.9541574337502863,0.6004411350669353,0.5711132829146175
1.5490201514951873,0.1018562952619867,-1.2391070756539009,0.928528798793365,0.9291354023697479
1.3291525301324314,0.6427227598675439,0.19652116970147013,0.9796408259644367,0.9775889214721809
0.06428001909546277,1.088950596967366,-1.0777447779293061,0.8164997774934449,0.7949478321746972
-0.38851845308888583,-0.018708756445897416,1.1241127199860135,0.419568669463962,0.44737037481010083
-0.684629825760004,1.0075136898369221,0.7906255991627686,0.6621223081498603,0.6721578601872573
-1.2096410186912054,1.2276689924732922,1.6725723868377034,0.6819500250567336,0.6234753691365453
-0.4397310582741749,-0.18687164416135904,1.4469778843537329,0.4259799572914325,0.39639470659908094
-1.2767485758203094,0.27157883719537346,-1.0810565404082624,0.07515695818833909,0.06721103215215392
-0.949398888831943,1.0536417966078395,2.632382064837391,0.7729209091074968,0.7738274784179722
1.5475052013300616,-1.515744114997232,1.7958776730955217,0.8546343534745383,0.8162915491566505
-0.6469367777055739,0.05963036992017413,0.6982233136135899,0.28984797428450987,0.30725528424843823
-0.5112156764311852,1.593186626639397,-0.9896048202585809,0.774901396150533,0.749480175740968
-0.9077561801469204,0.9022771737866472,1.5192839236417688,0.6024129892725059,0.6188304606166136
-0.2573765374233451,-1.0227925651984056,-1.6685840738775894,0.05565805084932007,0.04501456817067178
-1.1790397911598025,0.324359281721603,1.1876793884615637,0.2325130446137893,0.23659134669993434
0.5972282182533848,-0.8950698422766047,-0.9483480042242007,0.3469660754231736,0.31273082433345323
-0.7519693317388191,0.21319662823768915,-0.31905393566661816,0.21306423655692336,0.21474672406286882
1.6286155455712918,0.07409478041977519,-1.3801014582148914,0.9318387243985246,0.9315858548470027
0.7384665799954104,0.19686123586912352,0.1713682811899705,0.8707219294580002,0.8660847421210653
2.411676675578421,-1.1302037246739238,1.5163940552535728,0.9741370768641641,0.9754276323325811
0.5467335682013793,0.840620026504553,-0.23893209916969432,0.9247607054018208,0.9116025264471067
1.1890165311075518,-0.6373871273065177,1.4205042479898549,0.8844700839091356,0.8842347478771962
-0.4593608995402441,0.24822058630033608,-0.8498443694647918,0.30428304955179925,0.2811449838775298
0.43295982536069616,2.4267164863455224,-1.3776175007542373,0.9825670611456228,0.984057873760982
-1.389572466763596,2.2909425725907417,-1.6453987469568918,0.5574989819371297,0.5427192916358883
1.804348109786743,0.487872284871074,-0.19090379172729868,0.9855225811886446,0.9860124330876803
1.091310120594269,1.2360931752104374,0.609138120907177,0.9887807871315518,0.9889745590821875
-0.07964139124571515,1.4122205554154292,0.4523717962497339,0.9193930382632988,0.9166979586677709
0.32579631658216646,0.5796331732135757,0.19438430157733602,0.8527920754738072,0.8448623581697099
-0.11473644146689901,-0.7925207384327007,0.5049872789804571,0.2500135086940979,0.22007005134804533
-1.616310608436588,0.7999419019420501,-1.053682419146354,0.09440891329054941,0.08189686682571105
-1.3471262895296965,0.1846803058649084,-0.9716140385106515,0.04302412757885104,0.05443486798870759
-0.9039076414647897,-0.11122606134870032,-0.7355299425897666,0.09936381027739229,0.0874422531155834
0.6931056072631441,0.42881650033057295,0.1764415552772252,0.8999877881374914,0.8967038272634793
-0.1601327955666404,0.11502607914741717,0.6713400764504657,0.584254086374363,0.5554479434175376
-2.0870270186020687,0.45838670355148425,-0.5846177306571996,0.024773177983774035,0.025062389469515906
-0.2739930818293042,1.5628887685081978,-0.24338397937501807,0.8465473847792634,0.8700358788538131
-1.763040155362734,0.3436182895684614,0.324083969394795,0.06774838867896017,0.06071223163114937
0.47363207681145447,-1.1308884353259157,-0.9263811299815384,0.1809898969330201,0.19674754059650906
-0.09917586377938291,0.650201177958661,1.8466369960476658,0.8615976183186479,0.862126550729624
-0.36961033604363397,0.6215718898560508,0.37710039390218647,0.6123928611931159,0.6199405402870373
1.3171150673398653,1.1398785611290454,-0.11806852699107874,0.9904375587779523,0.9879305595156437
0.8576596232020194,1.475356216949552,-0.1599385299634271,0.9815186179000741,0.982526695270566
-1.141689114133505,1.4775300810552618,-0.19365945927971812,0.5835828580179813,0.5195266883530432
1.5295503194606137,-1.6924646297148194,-0.15800789857898942,0.5552084780530393,0.5373609700828411
1.0305805856240573,0.5107920885275947,-0.6578345538521371,0.928254854209953,0.9259825027470444
-0.08973569428722672,0.7090037575885123,1.4401172154494728,0.854127492725399,0.8502878474494822
1.088748619704186,-0.372206776071053,1.884586305934609,0.9213891348771355,0.9250236712830381
-0.9221653241776254,0.7569886166453519,0.8696059201056602,0.4367749853985393,0.46996192556006544
1.262584103427182,-1.5256563145700948,-0.5518581458924467,0.4030542256453806,0.4238960821066781
-0.05761879703358539,2.403415585238275,0.2010990467149675,0.9834550169341987,0.9809093927680929
0.21743287317972287,-0.19068240076334658,0.8700677306887542,0.6332094876369756,0.6381615656300853
0.47897982574639186,-0.4776574467651167,0.3336621052869483,0.588004562698402,0.5822707522138011
-1.2575778589146163,-0.8108575112103382,-0.23401985910698136,0.019808406678610335,0.019259910279931017
0.08658978747289992,-0.6039851867158206,-0.15567723539207948,0.2661743491224473,0.2885124180716683
-1.2141886127877322,-1.006017381499702,1.1581108735000678,0.03260943665005678,0.031022965591798842
1.090980425185967,0.38680852068920263,2.012270445700765,0.9815828851393575,0.978757942785664
1.1260502507721681,-0.029262813684978354,-0.05139372358848624,0.8904241240581703,0.8949892288666834
-1.5223591862178911,-1.3526702858435344,1.1126883749899252,0.009349957319341778,0.009551336032948273
-1.035242322419374,-0.10703035995455783,-0.553649305347182,0.0631032871193936,0.07568729465600343
1.8009404329108156,-0.6763923020592697,-0.04015795064434341,0.9156494616758893,0.9179336863029937
0.33848384346169114,-0.35316629281068834,-0.29540141013902943,0.5042330631415272,0.48320888069634865
1.2715550949941588,0.9356783931474612,0.7216720640432351,0.9886837219790191,0.9880669408926271
-0.2817846088605072,-0.42018681709585726,-1.344450511034277,0.11747059800718095,0.12517595417125868
2.319329539981694,0.14171691363990474,0.39331783939437187,0.9938380825769454,0.9933390946548027
-0.32483138350862245,0.9817654869915943,-2.499405714873573,0.3980851880903024,0.41906306805358856
1.1243533598705027,-0.062191016999311004,-0.3340772309799405,0.8472365773090421,0.8741671553009988
0.6380511014407572,2.2313001461926323,0.5008444749444569,0.9934852222056567,0.9944168563807008
-0.9913923494563072,-0.8469613483183278,-2.153390113603715,0.011078718072755874,0.011391007654912582
-0.7728776678236091,0.9475264621228578,0.4070522871245351,0.590390145316006,0.5612334121655741
0.7045065398247231,1.4558223221467665,0.7890566873755189,0.9836784972653914,0.9850685602417746
1.4104591452035038,0.08382662792936094,0.4097627959594974,0.961763291879612,0.9580499265322134
-0.22979963057519381,-2.219300372747535,-0.8514064342603136,0.009574067874116457,0.010550118889905946
0.6141667000434252,-0.22096959953322298,0.7575077100473051,0.7617353138774141,0.7756337540095067
-0.5495402745955349,0.9153902755601617,-0.11676591579524663,0.6064802550568051,0.5892364790077305
0.7533416211045325,-1.7607627591558177,0.38115838488277776,0.23321657407994117,0.22957718523220763
0.15041890514357642,0.49568188797260465,0.3649610024662254,0.801086478096075,0.785881976566525
-0.5449190868089497,-0.09671311187039239,0.39913611435207086,0.264003171446081,0.2641641022280944
-0.5081401976473109,-1.2207124259141586,-0.14778031881747153,0.04826919922631156,0.043820521018383844
-0.8082982853551515,2.1898029332176723,-0.8397218421807761,0.8274945514466202,0.8276149378790335
-0.9815086510479509,0.010233061019587049,0.46210347426327075,0.15169865429266724,0.1576537438059687
2.0574954697116987,0.6191542610051978,0.020793707675407894,0.9945616805731459,0.9938171407338178
0.5142547560178349,-1.5311075025557221,0.5720574417141441,0.24877006213192918,0.23058607680710166
3.109918556005361,1.9956674897839644,0.6067230591361827,0.9999402581655736,0.9999398289701303
0.5597904479310398,0.6105857452838231,1.0807807255546218,0.9362421414583679,0.935078280620522
-1.237815498826849,1.586016816145352,2.1330333746562666,0.7920273810000624,0.7819311305520522
0.14125714008746323,0.38298898474092846,-2.1305664798072006,0.49558183003670603,0.45002241482921546
0.6855077387902041,0.7579218499236196,1.8486088332964115,0.9718385308811305,0.9722488709397136
-0.6078219870944325,-2.1218548990085946,1.2969945465611092,0.01735453797615774,0.017842034931574186
-0.08152267310164589,-0.5041798310076715,0.34767648353833636,0.3066056317173676,0.3083201919773575
-1.6431888111541673,-0.10325476014904739,-0.17585440443207118,0.022642867906611974,0.02939718398637392
0.44194064956940904,0.16865467196672768,-1.090399077442846,0.6299143089797643,0.6411500683722419
0.9113627221747217,1.987275999230808,0.10575379127148042,0.9952836165178683,0.9940258595990846
0.3088330125989638,0.02127157673606165,1.702214944635238,0.8232231393167725,0.8217569106833144
-0.05554769889661878,-1.7033824393551547,0.3840654489393073,0.07056519018854629,0.06250975944560219
0.6153674840130534,0.738810480887503,-0.9354387020445953,0.8837166788885285,0.8742518686458526
-0.05023810944913695,0.2704568257798388,-0.23894804686640975,0.5962240235144723,0.5550509774448918
0.5839281853259639,1.8467073257360336,-0.35929209078705954,0.9806231609086601,0.9819564283364488
1.490726136849952,-0.213442870930208,0.14866745720211155,0.9247007276693072,0.9347701450926682
0.28257995048829965,-0.1671217137864115,-0.24869112618354708,0.5898694815510845,0.5380836067795085
0.5131057981760827,-0.43548637056984335,-0.2595466775839172,0.5415128479677681,0.5399421949733463
-0.0771017094141042,-0.8158102849654383,0.3411519748166439,0.20763376554110682,0.2117184864031095
-1.6076610271180587,2.0895387216947734,0.18474057889572446,0.6293954373122289,0.589679886612304
-1.496529255090079,-0.92951086019241,-0.6500239344068982,0.007765282852396751,0.00806524614632166
0.7818228717773104,0.25988279424842353,-1.236950710878082,0.7857438173978534,0.7897384429852048
-0.5297602037670388,0.32875110965968446,0.5132674331133561,0.3867823632433692,0.44119612851375195
1.0324652605511468,2.1221561970126332,-1.5193699659540134,0.9912689725782556,0.9912447544556613
0.045571839903813784,0.21645858958197486,-0.6516003476058171,0.5123801275494939,0.5265980977861353
-0.4830610516834395,0.8950383140761154,0.14679301198554937,0.6482811702727695,0.6445912597912229
0.7708651938869668,0.23561455810856594,-1.4785862457798415,0.7496315489468497,0.7569908194551456
-0.7539645888666763,-0.06259312789952241,-0.28067507686677406,0.1536947909152613,0.1501316228579972
0.8949243769444413,-0.7184072655691974,-0.2949496782920278,0.5878893034940651,0.6056003641605759
-2.123895724309807,-0.5993926454440222,-0.525755021680761,0.0041333460063424235,0.004317913917106594
1.5307508323436974,0.5999287299962045,1.2187618516973167,0.9908416321979016,0.9903759272944193
0.07682189106025536,0.47704082722312147,-1.2829922241885696,0.5369596242546009,0.5665463109996823
-0.42076179368105326,0.8868873900973003,-2.6042138566271342,0.299168445838383,0.3260954177502918
0.17989415115347845,-1.103589317215771,1.3920022863445993,0.34562304987907955,0.32414486935208897
0.3918040054025465,-0.5462444482524828,-1.4789115687741288,0.32043925413685,0.2901210722755611
1.159329803364248,-0.3609661658190799,-1.0810633275998973,0.7747500769627205,0.7554603060099819
1.1087035805829077,0.5906548306923093,0.820482181197364,0.9726448465739908,0.9728890203952938
-0.6172531865469232,0.8389405004696122,-0.5583017539460305,0.43228461876142626,0.468111675812864
-0.8206823183517105,1.158595579007404,0.9633761292443218,0.6518024040680714,0.6874125756973379
-0.6526239793023909,0.8406435489887241,-0.4461834332147797,0.5290884350523168,0.46598193108370217
-0.47949296739924335,-0.4430440211284823,0.2965755451407618,0.20421539045103446,0.17977759479630515
1.8540925663341883,-1.024186824329205,1.221033695525353,0.9342920134361773,0.9311034574628777
0.9503075919735757,-1.067802921579193,1.7106133725819253,0.7242005880568149,0.7324060589300895
-0.21344715171184725,-0.718444221252436,0.3109075655980046,0.21665955771959045,0.1917180663855585
0.7081086766885905,-0.1524698363805439,0.9567023167945841,0.822465914936907,0.8377405093630357
-1.4123037013352915,-0.9080240755212109,1.465648768921554,0.025186340426588745,0.02900749390162887
-0.23040071420576733,-0.7584953347000695,-0.9242331442683044,0.10496085470045172,0.1015292353776567
-1.5178737466808094,-0.07159925185806683,-0.3570292008066094,0.033326466956549436,0.03583130140157576
0.9312801191161986,1.030999522495951,-0.8392175232226385,0.9515033225923251,0.9565301122631563
1.185704154662997,0.5366527525272862,0.7189533106650667,0.9720967217761626,0.973154965338083
-0.07576428653545988,1.0391117874202687,0.6704806172412126,0.8740042202978683,0.870618527917412
-0.2234627853258509,0.4824724152431853,0.714000494092092,0.700551990042625,0.6734416399516423
0.10939479460489289,0.1292211819752275,0.725766623898692,0.6952296354055859,0.6910671027057773
1.6850142787085094,1.230874513154735,0.5628808601743548,0.9966684755001511,0.9964350193047447
0.4735924306351816,-1.0623037137261049,-0.9194242342338032,0.22119609827811493,0.21576118040264897
0.8970661968871322,-2.205566057099069,1.2748750412787222,0.23337122047402817,0.23261259004543008
-0.6629009175509482,-0.7019916878067554,-1.4026052717996935,0.039011232173906944,0.03961936139434889
0.6408428612670098,1.7976865268495226,-0.5711789897827968,0.9837734999609612,0.9805091958300348
-0.07444591576616721,0.25755039072276437,-1.9187712152990415,0.30239024941670994,0.3271079961432931
0.7175422557959623,-0.26940683444455776,1.502357052096028,0.8439041149642853,0.8521717339386318
-0.8612842013282637,0.0773683076476183,1.5231240772696573,0.3283391011558053,0.3149653871520938
-1.015821818978397,1.1486373494287152,0.06167984984797165,0.47882946709264174,0.4796393918869312
-0.2346205699574138,0.8584511166566653,0.03823799496002834,0.7512045096950878,0.7247311181820335
0.054934110999848726,-1.2457173764463845,-0.7095798547491726,0.08882220267675808,0.09052920217162089
-1.0040545968420103,0.34980002456790754,-0.09546424708907303,0.17429485535531503,0.1896463122906107
-1.2608839543350452,0.40498171096095553,0.9178619470547761,0.2119699205627578,0.20742761824782044
-1.6394841625254342,-0.22954865536034708,-0.39247110606087293,0.02461365714906686,0.021671812005086284
-1.0147567306928669,-0.5816809139486437,-0.6492775450660071,0.03805615662702715,0.0358621770875634
-1.5506634310661327,-0.5034756541161992,0.06856297480602733,0.01964978658599473,0.02093519742310138
-0.7567950885694608,0.9960476858058164,-1.4218106667418438,0.3507164453460841,0.35583831555595014
1.8811570694405901,-0.5551995266931984,-1.448013900416244,0.901370981396314,0.884888645505617
-0.18039168176240783,-0.3574454228104272,1.3728484746765302,0.4340415553848029,0.4431110453140922
-1.5708761520684993,0.4477169258102776,-1.1267674689098053,0.0538721735822656,0.05002122823091742
0.9553052085705107,0.6963874474567153,0.08840688629184736,0.9490708421047505,0.9556910654387757
-0.8222203955664315,-0.5637245528039747,0.2436872114919123,0.09213697048465519,0.08176972145657813
-1.0399059271255309,1.1081828167375165,0.6127739050625697,0.4986134007884121,0.5227842256111628
-0.3357846992901282,-1.295078772063616,1.669021525289393,0.12411568039701705,0.12776837813745265
0.6863184569567008,-0.4070363129267805,0.10589445311523424,0.6799417226932064,0.6765556853604942
-0.06863404608546861,-1.9122549754197768,-1.3683150388328105,0.017953528041954884,0.018198895240404467
0.4599721429391164,-0.7534178703461835,-0.6777153697521061,0.33304803064163324,0.33531219388361055
-0.5765104007267194,0.7591551603026468,-2.59104229214491,0.2605569280507624,0.22520325637980346
3.193107567844861,-0.18047991359062565,0.29875290836568624,0.9975831390575995,0.9978648898114666
-1.326472128311083,0.39069592092814415,1.0473177066214483,0.1808059752806794,0.1937516123601782
-0.5441140021141926,0.6031874310823431,-0.1627929060722942,0.4629546767985951,0.4587674417450643
-0.661786464768388,0.18645431476942764,0.852433334796224,0.3731541099950386,0.36500697305797575
0.538296079049633,0.5078357562896237,1.0725073373098022,0.9148241422980474,0.920709441347486
0.597400069849858,-1.2276078151369925,0.7011727423108983,0.37166102409200674,0.38330237984324783
-0.5827586576115821,0.26536234939962844,-2.438817158276429,0.1126016497536667,0.12132781507475984
1.9764405845154855,0.5844129804724842,-1.5642416117110514,0.9820785687579492,0.9826872803073743
0.7505791675217656,-1.5171736966716791,-0.41619440488525394,0.23452289851131705,0.22607351135760323
0.9983108981479604,1.5213160519224513,-0.4316203127180484,0.985835271465903,0.9858063188491658
-1.3985675738191412,1.9094166404701305,0.5629692366905709,0.6572061742356742,0.6626667604363943
0.3464884758979927,0.9163276747024814,0.9980101098596522,0.9237110056539907,0.9374150950827482
1.1033018820165215,-0.037634702424848364,0.11422764866203965,0.8956200292179115,0.8975525415889717
-0.838585798447231,-0.3078084711388841,-0.8866809222834573,0.06592306844463318,0.06797837028047037
1.0143700650181304,1.6654744444625766,-1.8408742313316453,0.9778702139185769,0.9776052796911443
-0.643518230380143,2.165002344901084,0.9278401280812372,0.9405916747023524,0.9411286214497278
0.020886488295961788,1.6614701657280182,0.23070090571868349,0.9514678105310873,0.9473726688896044
0.10435593752321293,1.617212574968624,-0.8987840483231282,0.9148749472662112,0.9164291919192729
-0.510016398854747,1.0375399442578992,-0.26987493529337125,0.6288989892280725,0.6363800693237538
0.8271832490360238,0.27669079933001905,0.01300189187790702,0.8786897059853792,0.889954238628444
-0.29027454418865134,0.9190764829877686,0.26739231407190295,0.7406587475346309,0.745964823899536
1.179440120721287,1.8314587658543537,-0.4691756521047048,0.9938095654394487,0.9938633273130516
-0.5138669173366935,-0.9398797863273552,-1.0592135218889516,0.04589271439965385,0.04283014462188797
0.2873289044030093,-0.28744751940035557,-0.04551224530124217,0.5334259086193396,0.5174861206604279
0.6686548047579066,-0.1755639454992155,0.09806753953894455,0.752521509853614,0.7463767783790866
-0.024195606390916165,0.40373009033660945,-0.9037018607301281,0.5359380278298959,0.5363463426657176
1.2374381346841392,-0.0635245746153551,-0.45730165508679,0.8844145716761475,0.8903916846798642
0.04852162794482699,-0.863990769679816,-0.8309501164110378,0.13176701084214734,0.14731016714348596
-0.47622087354465903,-0.8192578597214978,0.8743891807127275,0.14148111622606604,0.13836167969977647
-1.405567019178642,-0.370508098590029,0.015618333949603047,0.03801819134560947,0.03329369621361185
0.849102110743144,0.6955377575657775,-0.29396694766418224,0.9275855538243999,0.9347387305636204
-1.382799730964336,-0.8756182533847572,0.9261775475316414,0.0243599599440444,0.024603468559667562
-0.5327008396619114,0.5136001065697166,-1.169916835710288,0.29437843688665266,0.3071005574786232
-0.9378250399151228,-1.377669367957091,0.5150352672086598,0.02150047866623433,0.020996132438022324
-1.234348871879922,1.6155828235482317,-0.5924642591528942,0.4569857942687562,0.4787811231955472
-1.1119670257741636,2.620793091029975,1.4641772387524374,0.9443661925641439,0.9466899210508027
0.4794415180860639,-0.061764199860128925,0.8745170741325226,0.7832165623076938,0.785407706177386
-0.8224199323822006,0.152354872033722,1.1210306673244714,0.3360080159151586,0.31294670541027747
1.477894044741516,0.3571125715117464,-0.5182702182736474,0.9633494715045152,0.9618588244197581
0.22388402427913137,0.4810092317367132,-0.7904744554453119,0.713067965148757,0.6942399482192778
-0.6680904536430488,0.3216978061960136,0.9920423495365228,0.45227165411268216,0.43257695743391034
-1.331232953557778,-0.7859894605079495,-1.8362053731032966,0.006787626699788719,0.00763287975040788
1.673452090298537,-0.2716551103260533,1.340461051790348,0.9724888634380904,0.9719779585573911
-0.3164084496948019,-1.092312764672579,1.2130976999791834,0.13704685852052426,0.1434814228588644
-1.503080301759818,0.6504500925361392,1.0519476177229186,0.20646643170627843,0.20677163855382494
0.4209729443893898,0.6988284202025348,0.49201884799279927,0.8967897679583198,0.9031628418009574
1.598647170504717,-0.25879606266710237,0.5609194479412387,0.9499585439160149,0.9532375796894316
-0.07282891265687277,0.47323762457354485,-0.846793718068405,0.543719321357816,0.5482601246731961
-0.4888494217862741,1.543243528272189,-1.1196174332890112,0.7395245779578669,0.7291347482653774
0.655900776529761,-2.9403886346642802,0.19473619471877485,0.032006922326393426,0.031148422747339068
0.02390304328495547,0.14488783309689118,-0.35141423571373254,0.5119114704483704,0.5255645064491983
0.1904996797790664,0.33198033056901455,0.7094518171390395,0.7829572347632675,0.7840506755863947
-1.1165244399486591,-1.7073579575929467,1.2358116200069387,0.011473665472908403,0.012606013697127985
-0.8082657216409264,0.08531814256502405,-0.8304444065565653,0.12979327463349105,0.1319977249753696
-0.7050118557584089,0.4190190093660452,-0.05576907765770601,0.3370414920570787,0.32540302141194605
-0.09858813228426173,1.41093237974627,0.018849622944847662,0.889892893202804,0.8941113410662769
-1.5031429531181062,-0.2595913513636048,-0.24574306408594432,0.027790010503606574,0.02890564001869196
0.6748194921666038,-0.04946370965243295,-1.1227220215622986,0.651498596194013,0.6601249690538393
-0.46341769281246226,0.5425600435859647,-0.46572975357025687,0.43053902579218467,0.4345001918644808
-0.9824873935383096,0.9407711879882159,-0.2246331499970246,0.40859456086296214,0.37608572451129146
0.7368438970924334,0.8840453963610497,-0.2813275571182134,0.9378680403850781,0.9403095942595325
1.7388996637975789,1.4223698616985077,0.9788580507817954,0.9980941419920651,0.9981114019378565
-0.18452535765584954,-0.6243453897132241,-0.6047446645382127,0.14117826175804227,0.1540093415489835
0.7600559636896026,-1.5047203740310022,0.08243975293450329,0.26935367348638917,0.28247798161290416
0.8260471714415063,-0.1314725956716678,-0.43676423723821745,0.7561325069674765,0.765603388998741
0.440474737960399,-1.5929937335316693,-0.019637798926681216,0.1452129167671308,0.14683426066089883
0.47635776935621926,-0.9735461997044687,0.5054701591666269,0.3938081985457545,0.4017124257123556
-1.2565068942792563,1.4436320034688142,0.8132051867479773,0.5641400256317505,0.579306119216411
0.3287624103034804,-0.06413834659299254,0.32135721545027307,0.673892041696071,0.6702202923631976
-0.009300321138614417,0.00020706491819709385,-0.32789471651291785,0.46148739848974435,0.45301833344904385
-1.703871586826719,-0.36650702036805183,-0.9244659881295544,0.012540563061277396,0.011678488850120669
0.19408999289830758,-0.44643361455052827,1.073631749859772,0.5322368849627711,0.5516023571858834
-0.5601810401969696,-0.8289950109220723,0.7472936051232618,0.12559154995122454,0.11141241196089212
-0.4442932600761116,-0.9787637157823074,0.3773004930448522,0.07846836380969441,0.09223842971690877
0.8135096360006385,0.8254163489880298,1.305478807154329,0.974349798512829,0.9743407073745884
0.6347214685617699,0.4891871301476635,1.1096998419562232,0.932121648730303,0.9328065933285817
1.135565640180599,0.570890510693167,0.9540017634932023,0.9750474374068016,0.975161169117565
1.0299608175811612,-0.643549832317462,-0.33477533210654087,0.7148129776316041,0.6893422448176083
-1.129706854657618,0.8356921120651418,0.5298041779152828,0.34850424429834537,0.3597564213606492
0.32405702822156063,-0.19050310599781134,-1.1476913898156673,0.4413064119753467,0.4325180979958449
-1.3671378064602457,0.46320629209912306,0.8481742126666681,0.1802886365312518,0.18387086977671127
-1.6127158711896517,0.6862601903745135,-0.47193186578943347,0.10370268695484874,0.09162072031058549
0.12320480678448567,-0.1758858124323366,0.5514853760404675,0.605165389990387,0.5598297085666003
-0.13263374638257355,1.8998819348952156,-0.9745293046706415,0.9279791940607519,0.91317612628236
2.0883747047807275,-2.8962553781936893,-0.13958962815517376,0.31528140535090105,0.32789716616232417
0.05194588580729943,0.7276295436369798,0.7326400772155792,0.8247814831093714,0.8427163923124684
-1.19363683175648,1.775310892609512,0.9191541736100015,0.7041376845453821,0.739561727886424
0.09284490114111471,-0.5487249077409615,0.15985639199740037,0.365009145836345,0.34627722252996
-2.120700152635066,-2.238231233324972,-0.6068651778571754,0.000255316713794573,0.0002832998125749513
0.3996879517526416,-1.2968319479558466,-0.651356893791829,0.16889524956705923,0.15683693026913123
-0.8560838259088672,0.8303358165442456,0.07156623721939247,0.454643331125385,0.4293121243132324
-0.6929095952606542,0.35701548596504734,0.8995998754332507,0.4599665373658745,0.42304770910269596
0.4400144500533324,-2.198805956620082,-0.5020542243526112,0.050912925230603534,0.0471283237958986
-0.6231405264247644,-0.5309969550018176,-0.5554771191602547,0.07874178905665796,0.08406931714528511
0.0005279588565972928,-0.4501892648514116,0.6012067489291149,0.403131212267451,0.39511270326703424
-1.097302527632844,0.2167755637626291,-0.5888668267386961,0.11830308660184927,0.1080282771441398
0.7942646796218271,-0.5290526773462948,-1.2542894231692494,0.484432826467033,0.5107037315222192
-0.7472116791478234,-0.021367294348436157,-2.4242402602729416,0.060205837093091595,0.05912165637327536
0.8333339117803071,-0.5482687949250771,-1.10486279306252,0.5007849541677426,0.5413793628190212
1.1727290192593647,-0.025554070991445278,0.5436001545944323,0.935218284708309,0.9275847609625684
-0.0349884904969617,-0.7031764251258874,1.77080063563551,0.4195636556059843,0.4247733743572686
0.3465038817307158,-0.46770120131189136,-0.04692057887918407,0.4172130514948682,0.4724442693597497
-1.803139676255945,-1.5137143926128271,-1.5841359430054898,0.0011429533834084588,0.0010464104061646772
1.2065089665083568,0.14671368643332283,-0.8169356709872361,0.9001107903222673,0.8995462420414748
-0.12982069973342616,-0.1852876588777083,0.0438114719791096,0.3680450666460593,0.3688265589213616
-0.7627247785662142,-1.6075598643689741,-0.7691423497872982,0.011538152350859249,0.01053145567621963
0.8951932200277323,0.3934853854217496,0.6351718016819695,0.9325931228421609,0.9393234319434279
-0.20298063739565708,-1.3192471945987674,-0.8000385643976464,0.04923116357176319,0.04820281599212926
1.083051243175277,0.5607845263682344,1.053802052034903,0.9725308670680501,0.9734566149913306
1.0729780477660118,-0.20931381957936157,2.3638724946193608,0.9519440306173168,0.9525023466289924
-0.4080753730215514,1.2012139221639448,-2.038124535177854,0.5384043509278826,0.5274252993922818
-1.183258512665775,-1.7587394864231143,-2.0392321777601006,0.002048531784337924,0.0018703305660471993
0.3696421921980939,1.1731246375866413,-0.10730214400422888,0.9382779035857337,0.930815137301847
1.7495839042054206,-1.6065771007386793,1.3814540786904865,0.8082340420593869,0.8212236301265176
-0.48791140814570266,0.6779258713392691,2.1573082132655035,0.7718813229101199,0.7815325335728587
0.6731813512699584,1.2897527540827456,-0.13845598398377382,0.9654737591554099,0.9668317444430992
0.05921843401448826,2.5733598032498604,0.013929291912946203,0.9890117249977637,0.9872729481719175
-1.0196643386921156,0.5646059258936003,-0.02355215087423812,0.2602428406890586,0.25109401999198616
1.6964563682900382,-2.081929407883722,0.2110174672026184,0.5014881543037217,0.5076295839133905
-1.4183657329330317,0.9325908318730899,-1.7608088119807759,0.10652524410825175,0.10184989303746363
-0.5468589412403921,-0.5736620068802363,-0.03275327021599839,0.09937753517147253,0.11543952790576652
0.5161782871149584,0.7250957868479971,-0.6414815952229522,0.8538271114428285,0.8669300302530206
0.0760053914124115,0.5583269125217224,0.5387559924463692,0.7961230082583735,0.7936419632504629
0.08704706823817121,0.8219025043752238,-0.2990073504658674,0.7741091981721214,0.7967504075640895
0.28869362927985703,-0.2500465145989528,0.2603218387712207,0.5774716366602076,0.57276383240582
1.8522781845089378,-0.6017066122293969,-0.013497224737933921,0.9216394265402407,0.9341495534054063
1.8381836767951225,0.36728731340134063,-0.22346598237185214,0.9856086758525902,0.9838111452857562
0.7153813154412441,1.114321694668872,0.7181857257079345,0.9727379432956854,0.9737326191855129
2.0997217891665154,-0.06613261462582246,-0.24702570074599667,0.9800809654809872,0.9801191070389491
0.07748051851886253,-0.9519184600222356,0.2577525401427507,0.21667320562940606,0.218038251936436
0.6860514599984393,-0.9649234605801045,1.0584244868495878,0.5732249370015229,0.5784277523418314
0.2806364044901364,0.996858773465808,1.7586204841951334,0.9599909930688701,0.9570875565159699
-1.7397137787780996,1.1487657003721035,-0.36244094140313216,0.16983308679906944,0.1509214663082493
0.03408346825922607,-1.2239402667622565,-0.7699732310586418,0.0817830463293239,0.0875532322688483
1.1428228145150205,-1.168678037619532,0.7519330326867741,0.6748578362071155,0.6729933860274311
1.6744924333475373,0.4577728661518858,-0.005596018829046555,0.9818024059197648,0.9828201611881728
-0.8682927318763665,0.38961417737090387,0.5346290861224353,0.3486411417193668,0.31176188084703993
0.6663125009092119,-1.148794035158656,0.4625912928539512,0.4450145584748391,0.4171611198061421
0.38193545223155334,2.076747983560841,0.43004164719106963,0.9879803074150033,0.9877187727701624
0.645215585950057,0.5211224283793383,0.5556044660034485,0.9132994782416038,0.9180104284902947
-0.06607979864731657,-1.6615200622689599,-1.2110161997624567,0.028967528847133273,0.029617938674966534
0.07863519031609059,-0.08071658010858232,-1.9982006845321076,0.26638527123026107,0.26564776978205695
1.2038844371688162,0.6157711497711416,-0.13944627568099954,0.962485383668699,0.9647655871377503
-0.48712538376469605,-0.6506425691218269,-0.5923939242388692,0.0822662239133113,0.0881700651827451
0.49968511030293383,0.23940450053537707,0.4720022709192744,0.8176544113222141,0.8351753377273261
-0.22096417382966393,0.8773622905756714,0.02688583899453078,0.7762248553778838,0.7349938194535581
-0.20932367715186612,1.4711703274936085,-0.6690727386599166,0.8217332657182039,0.839781039222997
1.2269332238843076,0.7660802783846903,-0.10015407647995278,0.9767078535780308,0.9739819640654099
-0.9683444548636353,0.5500520990245519,0.1053755061459599,0.2814973212020979,0.2791692959658989
-0.8627757640431206,-0.47883745600840416,0.6934789119139937,0.11617830408289259,0.10668437178926074
0.39379729821625153,0.3687331473175197,-1.92767257934561,0.6221824991652319,0.593592831146381
-1.1583646891925428,-0.0036025390905684044,1.5033983017671506,0.20009004963137128,0.18163305770720625
0.8711247034316923,2.075400798645439,-0.32602353216784113,0.993700498262317,0.9930034734474127
-0.5756378262377739,0.7003098794089914,0.12200981464536144,0.4994925432608652,0.5200542890383945
0.9551423205012383,-0.06267909727317188,-0.9857260463355437,0.7904922418327326,0.7799583947773921
-0.4606387709597875,-0.7198442083947086,1.0571222262189157,0.17239872609622672,0.1765432047303931
0.6543656563540577,1.496044311489183,-0.05558467091045507,0.9741600036315171,0.9762782137415356
-1.0589075870566005,-0.5057467042619367,1.4816634024625988,0.1000017486402922,0.1047380956797882
0.1664522082130561,0.3824097461840506,0.4924512640081491,0.7750492552693805,0.7706655948919524
-0.5426737997340217,-1.801057734152739,-0.7877837519082389,0.010887770855894142,0.011692895442655215
-0.8043157596599924,0.6295295842218108,0.8953554307625996,0.4501892458120641,0.4789608588560171
2.601683114180395,0.24075317948856828,0.5655096456315442,0.9970929285380264,0.997020722296342
-0.8432465953161917,-0.24606248812994858,2.1709427174978138,0.2516488076093235,0.28172392769939775
-1.4063174636718339,-0.692420979873856,-0.08310557262869477,0.01919000729837354,0.018887998380220702
-0.7924199209999613,-0.14451867071551783,-0.3079615296390403,0.12771501638953967,0.12367596684381729
-0.8182206832334725,0.5951570254369136,2.0923872756854602,0.6365556924601095,0.6116873881549604
0.0754336389015928,0.7421274910718922,-1.6019658118971685,0.5861710594697839,0.6305644635876333
-0.09605989972464987,2.5600845382687947,1.1492733262856758,0.9906485592023153,0.9901852377840433
-0.6115178029919482,-0.7553829323533225,-1.4066610968482223,0.048554938598820215,0.0400543569486885
0.6222071440434019,0.30047435961082836,-1.1388331177807691,0.7799234890038196,0.7552329676322107
1.2657078408647007,-1.0276751409259581,-0.8661748482145009,0.6072482590450544,0.5875768453270804
-0.44004448669698376,-1.4301413779606327,0.13074057728609134,0.04066410900462261,0.041172306407012145
-1.5702247198904564,0.6218099622171964,-0.7271371758248686,0.07255816811313213,0.07951832712118154
1.0352493347237526,0.8901984111247868,-1.8461878622380938,0.9298152540946093,0.9269706630846327
0.1979107834626478,1.7359638031652493,-0.6514180036144483,0.9492192730343211,0.9479816420850318
-1.9596701238797756,0.2088635950047554,-1.3281860488984305,0.015371480513933134,0.014675936783064948
-2.4716445001272893,1.4415686206579004,-0.7968952554704768,0.04486510438721173,0.05147979956298365
-0.3791277409874871,1.628396623128538,-0.20358036010236177,0.8704348988025838,0.8608710319175522
-2.9911359709007233,0.08520944963390106,-0.18689615816198485,0.0033491359646965852,0.0028782441813319853
-1.913280244657798,0.24196227156603412,-1.7249178325130328,0.014058877454791056,0.013825260677275405
0.9751197334177512,-0.6771617115121117,-0.14705738150213865,0.6525170872729258,0.6751225051614813
-1.7858664919341112,0.5731278132412001,-0.3596296724524624,0.05402827752986371,0.05938785881545821
-2.0841129394985884,3.9262377064363267,1.7246966497611085,0.9636372278284665,0.9623976558043351
0.7426824183597224,0.07595526791608741,0.4822489526806572,0.8598107625244024,0.8627263672107318
-0.955122579349353,-0.4036484632419967,0.42359906559346105,0.08453718982179617,0.08917510673275342
1.1173988159024608,0.501782736167545,1.4484992298929262,0.9764028673952992,0.9776436475768925
1.1792971840638264,0.11567463429285867,0.06751848141010895,0.9294591876642156,0.9274079374941534
-0.2797601684958344,-0.2789629303318085,0.7903718960517113,0.3829772075439567,0.3547558524399899
1.2816437950037687,-0.31771509675623405,0.5576910607251245,0.9164705505319043,0.9082155004664515
1.5655240292343404,0.37721187506452086,-0.0657502610729878,0.9757736281980701,0.9751194983288375
-1.3516846056163336,-0.9232332461109043,-0.9758732529773327,0.008536409825787454,0.00913939007812329
0.23421473253652075,-0.03468488738678118,1.5505004928140769,0.7961966159049609,0.7703936410021343
-0.36283856043965906,2.2988981236192503,-0.4455025214007718,0.9322818196236416,0.9442902465073447
1.0964692338108837,1.2235688824186275,-0.6256772874962124,0.98111345503324,0.9790395788187803
-0.6475418056351592,-0.3583401520212222,0.7441919714999368,0.18288524076206297,0.18589826465441928
0.055724912288694604,-0.12578692009964815,1.0941915184709485,0.6227992641293637,0.6158788694697048
0.5868570938002703,-1.4018510627922809,2.1904556258099785,0.5116045455990019,0.4979712254874707
2.9490944253087252,-0.8254105299789551,1.2446795807367868,0.9937131453095833,0.9939341641382481
-0.060660813814620775,1.9011906857530074,-0.7084067669104628,0.9435481179160983,0.9331004058330035
-0.22939074406802776,1.1695899924277735,-0.04347694981386243,0.7850061802206052,0.809532993531417
-1.356581804623405,0.2935579321666293,0.46642998243352635,0.10278545829095447,0.12490836593335473
-0.9555404406004258,-0.12791759148076653,-1.6064463202575725,0.05436580865312661,0.050822510322688454
-0.007972641316617372,0.8816397569494505,1.4799441388900259,0.8887438999397378,0.9004454042977462
-0.26888869055483056,1.1265650295477574,-1.1065259087416703,0.7129934546303511,0.6782460392647017
-0.48760622407249354,-0.4118769661224674,-0.4325581878196209,0.14666848182434905,0.13449477583715114
0.3384964074944141,1.143754043206929,-0.4152879139008013,0.9090785060247247,0.911294145784183
-0.7484865365565536,0.33231401197959165,1.551151975522523,0.42653054587879574,0.46966498769676596
-0.9043166251044086,0.25972250172148187,0.6385924587773739,0.27495332991174376,0.2646081020845172
0.028181157369128247,-0.8984679817910373,-0.009118996644203544,0.172863783594574,0.19384905887006837
-0.3519213178165091,-0.48720292119492714,-0.7699960661974573,0.12149284340401394,0.13081260799221464
-1.5231869047837747,1.1950466289248425,-0.5589218472715883,0.19444031570958484,0.20963498287596358
0.8250982646676347,0.15519068385897913,-0.8671302157109003,0.8011425080780041,0.8067298659383335
1.8732977762175456,-0.668144085538994,1.0800480657146485,0.9532938987481813,0.9590329193112231
-1.5648027713620551,0.3496500472996937,0.0953441994413082,0.07795749231918102,0.07888287427519831
-2.703232292999237,1.0010460925671412,0.6778753195309076,0.03212774171448106,0.03467138657796468
-3.2412673400690726,-0.05952535606180008,-1.0243876413342898,0.0010178688313798453,0.0008988078078345431
0.4183982208886837,0.5225141052657575,1.4015985929464294,0.928041184875127,0.9176737223772513
1.3043402428781525,-1.7485319732381808,-1.6624919880356743,0.22603629056374094,0.23717461351506028
0.04886007032570433,0.5432980290363879,0.04059169120388238,0.7236831632069326,0.7329858202664513
-0.6757080791616118,-0.4872285641135523,0.0341524174880246,0.10389485817744519,0.107809930145702
-1.0896330373423884,-0.6520888885930607,-0.7847619081277034,0.027673219564498808,0.025954308925686717
-0.7557451594928447,-0.17495975669540864,0.5365098435704035,0.1788946812327476,0.1829148730611061
0.8297324178791745,-1.2995812369275976,0.8113965544915921,0.5206220458802103,0.4802762754788738
-0.30920907704986345,-1.4575514994649306,-0.7521564055905832,0.028143191029274095,0.03246999227876297
-1.1105758454658288,-0.7778166875908753,1.7522704434236227,0.06586516503734999,0.07218324963674684
0.7129984301723881,-1.2221278088919454,-0.24032539815813503,0.3091108387647228,0.3255264146396525
0.19358991136754436,0.26256132900192497,0.8508979621679722,0.7793312177409797,0.7781695969255465
-0.8275902206487197,-0.3670278390833223,0.08614388304637476,0.09388600779158258,0.10084065151595438
0.632407739055521,-0.5624667758942676,0.9725544496267299,0.6900031232298459,0.69575382689222
0.07331796718840389,0.8231705839619146,-1.2899608997410539,0.706999342204999,0.6954767201874198
-0.38770155993598415,-0.6127886904843862,0.28586539072490497,0.16690610570206083,0.1649975153824337
-0.5574230531083212,0.5950294658355647,-0.41299782214343406,0.41807343941071745,0.4170184533753687
-0.9730689408815555,0.11958036841415326,1.1965715016644913,0.22246564104721603,0.25018758725682205
-0.535963445114048,1.0859821161750323,0.8080577982811451,0.7617143549924669,0.7592732881794444
-1.44964521969853,-0.08343796979036086,-0.9218598131253132,0.02799030107342076,0.03014156516856184
-0.27681329988892067,-0.221253623585772,0.30740669780910074,0.33348111571728056,0.3210959559443664
0.1200313267182613,0.03800347816820029,0.6135179727304166,0.6376219219143544,0.6497277402553916
0.6791427754381955,-0.2634482160822491,-0.3020454994898642,0.6955957503117826,0.6786560580577241
0.5931012579683838,0.6159356069442637,-0.3095464393139903,0.8856518042709016,0.8827626388320613
-0.05240445057746945,-1.405189846803575,1.7041055162554912,0.16922819258419775,0.17866606566072762
1.2289805024890619,0.5348173363459102,-0.6373077470287948,0.951294851723375,0.9510797519745271
0.8823330623234091,0.6045153263553668,-0.45209033283308037,0.9108075667678152,0.9238299179744405
-0.5482872964906009,-0.15589817793666752,0.1600182258527877,0.20705175235911685,0.2222437876166527
0.606850593215671,0.4200944904518413,2.0565435648295414,0.9516376389675324,0.9504804835430879
1.5646436558140062,-0.03582603910995154,-2.6197451040897444,0.8324512332351185,0.8402559232861153
-0.9637589262106109,0.26028050658288615,-0.9571509148950429,0.12588267831447314,0.12259359688987294
0.014273067836434106,0.7307641190665245,-0.9539394193966448,0.6893807998055473,0.6753549953882666
0.48473281729447476,0.8527736751222195,-0.8463566549908735,0.8748190075213564,0.871620337011529
1.7388513518533313,-0.6355578414044034,-0.3212427661179117,0.8903439783463382,0.9014320833974309
1.0062928092144405,-0.38455554422982535,-0.5768918695231487,0.752354503099255,0.7407736579350169
0.6241198170521551,0.7916626939629359,0.6283455092642799,0.9390719782375142,0.9456447075606866
-0.13744851462769186,1.3736585451629577,0.9528745472029388,0.9167437834356256,0.9228263110804051
2.4553001399108942,0.2891686439078181,-0.637739984251316,0.9921740816416925,0.9931637232270918
1.066674689589154,0.5072740311072977,1.1692955904456728,0.9724464044781751,0.9718588026283516
0.2942241290134937,0.26348721533105957,-0.234407800316322,0.7089164618167395,0.7089656546880275
-0.5503051538454201,0.2606737658239071,-0.6716233679380516,0.28834478069107106,0.268007879887628
-1.7785875840065168,1.192507512477975,0.31965182591897723,0.2142898543131859,0.2014273270830421
-1.3810446031537749,-0.7859860326349823,0.30381859560487573,0.02064609170379408,0.02077748012471593
0.18970616761039566,-1.3631740045928105,-0.6619821777966091,0.11711257508244058,0.09885773560078265
-0.6769220003059587,-0.38508228041631654,0.6116762888408679,0.1549421744020506,0.16143575144469743
-0.14408755572161547,-0.9393353938187543,-1.2096947428411076,0.08901568381260044,0.0790092870014672
0.17682087213939798,-0.7217375533372533,-0.5466800845872654,0.24264985405830108,0.24569847871872078
0.30154734233361247,-0.19236096478112252,-0.03471176970524331,0.5686210545285658,0.5645851873892911
-0.1730718242838696,0.12557645347154225,0.015579047581467534,0.5055753296397058,0.4684314967063531
-0.7537361643574896,-0.2453881160028705,-0.8895144296255233,0.0837078729572428,0.0870654383876082
0.003375506597160999,-2.6357477390168778,0.32782117284308526,0.014236412906637949,0.015478191697285242
0.5150476863060479,0.5137859509122088,3.852731490654721,0.9812416954920752,0.9794021005924262
-0.6248185776956788,-1.2795769667357015,0.026091050210833786,0.03546431821472637,0.03492832634501315
-0.20447122098612153,0.38632331781156,1.75547569831549,0.7477470515108148,0.7585634727486028
-0.3540407109410238,0.591814133741378,-0.573601772896901,0.4870843750815975,0.4941755641196662
0.3227185603380895,-0.2886586389201383,-0.827230943552323,0.42802047475375216,0.43319617697614465
-0.03955515385665504,1.0531528533329035,0.6815006973726244,0.8925165840196292,0.88148224986122
0.2011596558728393,-0.4646172972983931,0.28328787154614216,0.47039031373838286,0.4452735906626392
-1.1306153349375263,-0.7582820688875902,0.6227112239002686,0.04683393980163692,0.04115520187004203
-0.12270893359572414,-0.9600462952794637,0.09337237427665124,0.14730061259921406,0.14551724916232278
0.17086543812794186,0.743264094022715,-0.18398333635267913,0.8069599004439846,0.8118081874079129
0.3464482094969757,0.25049285034587654,-0.6800247215784908,0.627146007447597,0.67702669248571
1.1337700968670645,-0.194908280352681,0.5935567222808619,0.9048682813214797,0.9021388172820445
0.594754341665286,0.5639091200523596,0.8534155587803077,0.9219010043080963,0.9269932184240368
1.613711269058647,0.42192075423528475,0.45353430151397983,0.9845092393598431,0.9838069566284459
-0.6134026635409398,-0.33708597111803934,-0.30246968648812833,0.14918235573341407,0.12797181861649246
-1.1430049127304835,0.6387302220291846,1.633431532301096,0.4613413842024051,0.4128315714983508
0.9218015019772522,-0.3135296861723979,0.4826878872092127,0.8432494428156472,0.8250970294274189
-0.8892408282283243,-0.4555395260238707,0.9553005582377528,0.11209200420295058,0.11891325943919279
1.2669111491866227,-0.48423407286625136,-0.7076694656187807,0.8111070567627663,0.7910856050000146
-0.9993022322949108,-0.022868062298882122,-0.5047749212282174,0.08894778642433653,0.09380883055674136
-0.9020515543575104,0.3764095260975166,-0.8696630812746944,0.16357846632205475,0.16654549145659378
0.25602973431387566,0.472597482413043,0.9826909839455139,0.8456445170645124,0.8571187240420758
2.5269324258736217,1.188393273448084,-0.5308687729203206,0.9986162507024658,0.9987108499385916
0.169360824036078,-0.9206735930793662,-1.4137144969049802,0.13454413818217667,0.12852743508612063
0.9638791167949097,-0.14700200162848862,2.2105230015913513,0.9382114062330073,0.9430089462427427
0.15039378647620763,-0.759132661553698,0.34175597577715944,0.30882706975059626,0.3157943102986567
-1.3993061748019415,0.49986412374037137,0.3676492929914216,0.16409669911936395,0.14888847098211375
0.046980593764742055,0.005243699718183166,-0.45006547147924364,0.4692759227384247,0.46682287707309134
0.2553837556743171,-0.9254246260595873,-0.8953463223630241,0.17847407095849108,0.1849919791219525
-2.6968866429415717,-0.2727235697476705,-0.05429486651781221,0.003366722103994971,0.003056999328280437
0.33126343140356396,-0.3092123758512146,0.9755451271223592,0.6429714809478561,0.6573927874565666
2.7596600389110777,1.0602099074988798,0.39241596717876703,0.9993566129590403,0.999376998659647
0.8604734883597454,0.8157372125392968,-0.5830774385689385,0.9389167376224158,0.9388530333665888
0.6078965097165392,0.27902152577033923,0.1866091231563581,0.8657399122999663,0.8522723027563773
-1.280429352496283,0.6060099513456396,1.7547941819843647,0.36314011318378564,0.35125094696238335
-1.3796181647889305,-0.971656734541286,-0.6267172245899651,0.012028496880324152,0.009575047938776105
-1.0138959522925377,0.9242701395378298,0.08568716140335904,0.42653556246015145,0.3932223366401301
-0.46649537922819795,0.9965705105794472,0.6404797952008238,0.7174436216776059,0.7410594340609219
0.4367385517335095,0.19894814679649453,0.40429475496169764,0.7765894134757391,0.8017281362360081
1.3902075490173134,0.8177662992002871,0.5578103063518622,0.9888414762934953,0.9875215323637244
-1.252393444413119,-0.01208894784605456,0.3636318826249679,0.08326751367220281,0.09136159660511275
-1.6151318159055095,-0.03564148229748357,1.1647393544571714,0.07445148430433664,0.06700852291291624
